Id,IndicatorCode,SpatialDimType,SpatialDim,TimeDimType,ParentLocationCode,ParentLocation,Dim1Type,TimeDim,Dim1,Dim2Type,Dim2,Dim3Type,Dim3,DataSourceDimType,DataSourceDim,Value,NumericValue,Low,High,Comments,Date,TimeDimensionValue,TimeDimensionBegin,TimeDimensionEnd,CountryName
5695666,SA_0000001419,COUNTRY,LUX,YEAR,EUR,Europe,SEX,2004,SEX_BTSX,,,,,,,152,152.0,,,,2013-06-11T14:15:34+02:00,2004,2004-01-01T00:00:00+01:00,2004-12-31T00:00:00+01:00,Luxembourg
6721796,SA_0000001419,COUNTRY,NIC,YEAR,AMR,Americas,SEX,2004,SEX_FMLE,,,,,,,221,221.0,,,,2013-06-11T14:15:34+02:00,2004,2004-01-01T00:00:00+01:00,2004-12-31T00:00:00+01:00,Nicaragua
536447,SA_0000001419,COUNTRY,KHM,YEAR,WPR,Western Pacific,SEX,2004,SEX_BTSX,,,,,,,196,196.0,,,,2013-06-11T14:15:34+02:00,2004,2004-01-01T00:00:00+01:00,2004-12-31T00:00:00+01:00,Cambodia
5642562,SA_0000001419,COUNTRY,GEO,YEAR,EUR,Europe,SEX,2004,SEX_BTSX,,,,,,,134,134.0,,,,2013-06-11T14:15:34+02:00,2004,2004-01-01T00:00:00+01:00,2004-12-31T00:00:00+01:00,Georgia
7622465,SA_0000001419,COUNTRY,BFA,YEAR,AFR,Africa,SEX,2004,SEX_BTSX,,,,,,,248,248.0,,,,2013-06-11T14:15:34+02:00,2004,2004-01-01T00:00:00+01:00,2004-12-31T00:00:00+01:00,Burkina Faso
1408340,SA_0000001419,COUNTRY,IRN,YEAR,EMR,Eastern Mediterranean,SEX,2004,SEX_BTSX,,,,,,,85,85.0,,,,2013-06-11T14:15:34+02:00,2004,2004-01-01T00:00:00+01:00,2004-12-31T00:00:00+01:00,"Iran, Islamic Republic of"
8443569,SA_0000001419,COUNTRY,MKD,YEAR,EUR,Europe,SEX,2004,SEX_MLE,,,,,,,10,10.0,,,,2013-06-11T14:15:34+02:00,2004,2004-01-01T00:00:00+01:00,2004-12-31T00:00:00+01:00,North Macedonia
1579984,SA_0000001419,COUNTRY,ZWE,YEAR,AFR,Africa,SEX,2004,SEX_FMLE,,,,,,,148,148.0,,,,2013-06-11T14:15:34+02:00,2004,2004-01-01T00:00:00+01:00,2004-12-31T00:00:00+01:00,Zimbabwe
760275,SA_0000001419,COUNTRY,RUS,YEAR,EUR,Europe,SEX,2004,SEX_MLE,,,,,,,3,,,,,2013-06-11T14:15:34+02:00,2004,2004-01-01T00:00:00+01:00,2004-12-31T00:00:00+01:00,Russian Federation
1447929,SA_0000001419,COUNTRY,MWI,YEAR,AFR,Africa,SEX,2004,SEX_BTSX,,,,,,,67,67.0,,,,2013-06-11T14:15:34+02:00,2004,2004-01-01T00:00:00+01:00,2004-12-31T00:00:00+01:00,Malawi
3842520,SA_0000001419,COUNTRY,SVN,YEAR,EUR,Europe,SEX,2004,SEX_FMLE,,,,,,,301,301.0,,,,2013-06-11T14:15:34+02:00,2004,2004-01-01T00:00:00+01:00,2004-12-31T00:00:00+01:00,Slovenia
7350422,SA_0000001419,COUNTRY,HTI,YEAR,AMR,Americas,SEX,2004,SEX_FMLE,,,,,,,29,29.0,,,,2013-06-11T14:15:34+02:00,2004,2004-01-01T00:00:00+01:00,2004-12-31T00:00:00+01:00,Haiti
7536133,SA_0000001419,COUNTRY,LBY,YEAR,EMR,Eastern Mediterranean,SEX,2004,SEX_BTSX,,,,,,,98,98.0,,,,2013-06-11T14:15:34+02:00,2004,2004-01-01T00:00:00+01:00,2004-12-31T00:00:00+01:00,Libya
1077401,SA_0000001419,COUNTRY,VNM,YEAR,WPR,Western Pacific,SEX,2004,SEX_BTSX,,,,,,,72,72.0,,,,2013-06-11T14:15:34+02:00,2004,2004-01-01T00:00:00+01:00,2004-12-31T00:00:00+01:00,Viet Nam
3703841,SA_0000001419,COUNTRY,AUT,YEAR,EUR,Europe,SEX,2004,SEX_MLE,,,,,,,2,,,,,2013-06-11T14:15:34+02:00,2004,2004-01-01T00:00:00+01:00,2004-12-31T00:00:00+01:00,Austria
9639318,SA_0000001419,COUNTRY,CAN,YEAR,AMR,Americas,SEX,2004,SEX_MLE,,,,,,,2,,,,,2013-06-11T14:15:34+02:00,2004,2004-01-01T00:00:00+01:00,2004-12-31T00:00:00+01:00,Canada
9493368,SA_0000001419,COUNTRY,PRT,YEAR,EUR,Europe,SEX,2004,SEX_FMLE,,,,,,,271,271.0,,,,2013-06-11T14:15:34+02:00,2004,2004-01-01T00:00:00+01:00,2004-12-31T00:00:00+01:00,Portugal
2069329,SA_0000001419,COUNTRY,NRU,YEAR,WPR,Western Pacific,SEX,2004,SEX_FMLE,,,,,,,309,309.0,,,,2013-06-11T14:15:34+02:00,2004,2004-01-01T00:00:00+01:00,2004-12-31T00:00:00+01:00,Nauru
9046515,SA_0000001419,COUNTRY,ISL,YEAR,EUR,Europe,SEX,2004,SEX_MLE,,,,,,,4,,,,,2013-06-11T14:15:34+02:00,2004,2004-01-01T00:00:00+01:00,2004-12-31T00:00:00+01:00,Iceland
5947729,SA_0000001419,COUNTRY,NPL,YEAR,SEAR,South-East Asia,SEX,2004,SEX_BTSX,,,,,,,140,140.0,,,,2013-06-11T14:15:34+02:00,2004,2004-01-01T00:00:00+01:00,2004-12-31T00:00:00+01:00,Nepal
2809827,SA_0000001419,COUNTRY,ESP,YEAR,EUR,Europe,SEX,2004,SEX_MLE,,,,,,,2,,,,,2013-06-11T14:15:34+02:00,2004,2004-01-01T00:00:00+01:00,2004-12-31T00:00:00+01:00,Spain
2770076,SA_0000001419,COUNTRY,ROU,YEAR,EUR,Europe,SEX,2004,SEX_FMLE,,,,,,,253,253.0,,,,2013-06-11T14:15:34+02:00,2004,2004-01-01T00:00:00+01:00,2004-12-31T00:00:00+01:00,Romania
1494088,SA_0000001419,COUNTRY,TUV,YEAR,WPR,Western Pacific,SEX,2004,SEX_BTSX,,,,,,,189,189.0,,,,2013-06-11T14:15:34+02:00,2004,2004-01-01T00:00:00+01:00,2004-12-31T00:00:00+01:00,Tuvalu
550039,SA_0000001419,COUNTRY,MOZ,YEAR,AFR,Africa,SEX,2004,SEX_FMLE,,,,,,,31,31.0,,,,2013-06-11T14:15:34+02:00,2004,2004-01-01T00:00:00+01:00,2004-12-31T00:00:00+01:00,Mozambique
4008301,SA_0000001419,COUNTRY,IND,YEAR,SEAR,South-East Asia,SEX,2004,SEX_MLE,,,,,,,1,,,,,2013-06-11T14:15:34+02:00,2004,2004-01-01T00:00:00+01:00,2004-12-31T00:00:00+01:00,India
4180727,SA_0000001419,COUNTRY,EGY,YEAR,EMR,Eastern Mediterranean,SEX,2004,SEX_BTSX,,,,,,,128,128.0,,,,2013-06-11T14:15:34+02:00,2004,2004-01-01T00:00:00+01:00,2004-12-31T00:00:00+01:00,Egypt
6266151,SA_0000001419,COUNTRY,DJI,YEAR,EMR,Eastern Mediterranean,SEX,2004,SEX_FMLE,,,,,,,169,169.0,,,,2013-06-11T14:15:34+02:00,2004,2004-01-01T00:00:00+01:00,2004-12-31T00:00:00+01:00,Djibouti
138931,SA_0000001419,COUNTRY,MDV,YEAR,SEAR,South-East Asia,SEX,2004,SEX_BTSX,,,,,,,89,89.0,,,,2013-06-11T14:15:34+02:00,2004,2004-01-01T00:00:00+01:00,2004-12-31T00:00:00+01:00,Maldives
4174159,SA_0000001419,COUNTRY,MEX,YEAR,AMR,Americas,SEX,2004,SEX_MLE,,,,,,,2,,,,,2013-06-11T14:15:34+02:00,2004,2004-01-01T00:00:00+01:00,2004-12-31T00:00:00+01:00,Mexico
4426474,SA_0000001419,COUNTRY,SGP,YEAR,WPR,Western Pacific,SEX,2004,SEX_BTSX,,,,,,,100,100.0,,,,2013-06-11T14:15:34+02:00,2004,2004-01-01T00:00:00+01:00,2004-12-31T00:00:00+01:00,Singapore
6768231,SA_0000001419,COUNTRY,GUY,YEAR,AMR,Americas,SEX,2004,SEX_FMLE,,,,,,,383,383.0,,,,2013-06-11T14:15:34+02:00,2004,2004-01-01T00:00:00+01:00,2004-12-31T00:00:00+01:00,Guyana
7204927,SA_0000001419,COUNTRY,ESP,YEAR,EUR,Europe,SEX,2004,SEX_BTSX,,,,,,,122,122.0,,,,2013-06-11T14:15:34+02:00,2004,2004-01-01T00:00:00+01:00,2004-12-31T00:00:00+01:00,Spain
4061465,SA_0000001419,COUNTRY,SYR,YEAR,EMR,Eastern Mediterranean,SEX,2004,SEX_FMLE,,,,,,,170,170.0,,,,2013-06-11T14:15:34+02:00,2004,2004-01-01T00:00:00+01:00,2004-12-31T00:00:00+01:00,Syrian Arab Republic
7808807,SA_0000001419,COUNTRY,KOR,YEAR,WPR,Western Pacific,SEX,2004,SEX_FMLE,,,,,,,100,100.0,,,,2013-06-11T14:15:34+02:00,2004,2004-01-01T00:00:00+01:00,2004-12-31T00:00:00+01:00,"Korea, Republic of"
3842837,SA_0000001419,COUNTRY,COL,YEAR,AMR,Americas,SEX,2004,SEX_BTSX,,,,,,,89,89.0,,,,2013-06-11T14:15:34+02:00,2004,2004-01-01T00:00:00+01:00,2004-12-31T00:00:00+01:00,Colombia
7908423,SA_0000001419,COUNTRY,COL,YEAR,AMR,Americas,SEX,2004,SEX_FMLE,,,,,,,167,167.0,,,,2013-06-11T14:15:34+02:00,2004,2004-01-01T00:00:00+01:00,2004-12-31T00:00:00+01:00,Colombia
3373391,SA_0000001419,COUNTRY,EST,YEAR,EUR,Europe,SEX,2004,SEX_FMLE,,,,,,,257,257.0,,,,2013-06-11T14:15:34+02:00,2004,2004-01-01T00:00:00+01:00,2004-12-31T00:00:00+01:00,Estonia
46742,SA_0000001419,COUNTRY,CHE,YEAR,EUR,Europe,SEX,2004,SEX_BTSX,,,,,,,153,153.0,,,,2013-06-11T14:15:34+02:00,2004,2004-01-01T00:00:00+01:00,2004-12-31T00:00:00+01:00,Switzerland
6774954,SA_0000001419,COUNTRY,STP,YEAR,AFR,Africa,SEX,2004,SEX_MLE,,,,,,,2,,,,,2013-06-11T14:15:34+02:00,2004,2004-01-01T00:00:00+01:00,2004-12-31T00:00:00+01:00,Sao Tome and Principe
2268426,SA_0000001419,COUNTRY,WSM,YEAR,WPR,Western Pacific,SEX,2004,SEX_BTSX,,,,,,,147,147.0,,,,2013-06-11T14:15:34+02:00,2004,2004-01-01T00:00:00+01:00,2004-12-31T00:00:00+01:00,Samoa
8258883,SA_0000001419,COUNTRY,LBR,YEAR,AFR,Africa,SEX,2004,SEX_FMLE,,,,,,,298,298.0,,,,2013-06-11T14:15:34+02:00,2004,2004-01-01T00:00:00+01:00,2004-12-31T00:00:00+01:00,Liberia
4054975,SA_0000001419,COUNTRY,DOM,YEAR,AMR,Americas,SEX,2004,SEX_FMLE,,,,,,,328,328.0,,,,2013-06-11T14:15:34+02:00,2004,2004-01-01T00:00:00+01:00,2004-12-31T00:00:00+01:00,Dominican Republic
8159950,SA_0000001419,COUNTRY,BLR,YEAR,EUR,Europe,SEX,2004,SEX_MLE,,,,,,,3,,,,,2013-06-11T14:15:34+02:00,2004,2004-01-01T00:00:00+01:00,2004-12-31T00:00:00+01:00,Belarus
490475,SA_0000001419,COUNTRY,BEL,YEAR,EUR,Europe,SEX,2004,SEX_MLE,,,,,,,2,,,,,2013-06-11T14:15:34+02:00,2004,2004-01-01T00:00:00+01:00,2004-12-31T00:00:00+01:00,Belgium
9007020,SA_0000001419,COUNTRY,CMR,YEAR,AFR,Africa,SEX,2004,SEX_FMLE,,,,,,,368,368.0,,,,2013-06-11T14:15:34+02:00,2004,2004-01-01T00:00:00+01:00,2004-12-31T00:00:00+01:00,Cameroon
9580025,SA_0000001419,COUNTRY,MDA,YEAR,EUR,Europe,SEX,2004,SEX_BTSX,,,,,,,159,159.0,,,,2013-06-11T14:15:34+02:00,2004,2004-01-01T00:00:00+01:00,2004-12-31T00:00:00+01:00,"Moldova, Republic of"
5497477,SA_0000001419,COUNTRY,LTU,YEAR,EUR,Europe,SEX,2004,SEX_FMLE,,,,,,,278,278.0,,,,2013-06-11T14:15:34+02:00,2004,2004-01-01T00:00:00+01:00,2004-12-31T00:00:00+01:00,Lithuania
7476851,SA_0000001419,COUNTRY,JOR,YEAR,EMR,Eastern Mediterranean,SEX,2004,SEX_MLE,,,,,,,1,,,,,2013-06-11T14:15:34+02:00,2004,2004-01-01T00:00:00+01:00,2004-12-31T00:00:00+01:00,Jordan
2434008,SA_0000001419,COUNTRY,SUR,YEAR,AMR,Americas,SEX,2004,SEX_MLE,,,,,,,12,12.0,,,,2013-06-11T14:15:34+02:00,2004,2004-01-01T00:00:00+01:00,2004-12-31T00:00:00+01:00,Suriname
9672991,SA_0000001419,COUNTRY,ALB,YEAR,EUR,Europe,SEX,2004,SEX_FMLE,,,,,,,384,384.0,,,,2013-06-11T14:15:34+02:00,2004,2004-01-01T00:00:00+01:00,2004-12-31T00:00:00+01:00,Albania
4413490,SA_0000001419,COUNTRY,CZE,YEAR,EUR,Europe,SEX,2004,SEX_FMLE,,,,,,,263,263.0,,,,2013-06-11T14:15:34+02:00,2004,2004-01-01T00:00:00+01:00,2004-12-31T00:00:00+01:00,Czechia
2843439,SA_0000001419,COUNTRY,ARG,YEAR,AMR,Americas,SEX,2004,SEX_BTSX,,,,,,,169,169.0,,,,2013-06-11T14:15:34+02:00,2004,2004-01-01T00:00:00+01:00,2004-12-31T00:00:00+01:00,Argentina
8093884,SA_0000001419,COUNTRY,GAB,YEAR,AFR,Africa,SEX,2004,SEX_BTSX,,,,,,,81,81.0,,,,2013-06-11T14:15:34+02:00,2004,2004-01-01T00:00:00+01:00,2004-12-31T00:00:00+01:00,Gabon
6517019,SA_0000001419,COUNTRY,FRA,YEAR,EUR,Europe,SEX,2004,SEX_BTSX,,,,,,,182,182.0,,,,2013-06-11T14:15:34+02:00,2004,2004-01-01T00:00:00+01:00,2004-12-31T00:00:00+01:00,France
5842380,SA_0000001419,COUNTRY,DNK,YEAR,EUR,Europe,SEX,2004,SEX_MLE,,,,,,,4,,,,,2013-06-11T14:15:34+02:00,2004,2004-01-01T00:00:00+01:00,2004-12-31T00:00:00+01:00,Denmark
2876453,SA_0000001419,COUNTRY,TUV,YEAR,WPR,Western Pacific,SEX,2004,SEX_FMLE,,,,,,,375,375.0,,,,2013-06-11T14:15:34+02:00,2004,2004-01-01T00:00:00+01:00,2004-12-31T00:00:00+01:00,Tuvalu
1706089,SA_0000001419,COUNTRY,FRA,YEAR,EUR,Europe,SEX,2004,SEX_MLE,,,,,,,5,,,,,2013-06-11T14:15:34+02:00,2004,2004-01-01T00:00:00+01:00,2004-12-31T00:00:00+01:00,France
6795130,SA_0000001419,COUNTRY,VCT,YEAR,AMR,Americas,SEX,2004,SEX_BTSX,,,,,,,199,199.0,,,,2013-06-11T14:15:34+02:00,2004,2004-01-01T00:00:00+01:00,2004-12-31T00:00:00+01:00,Saint Vincent and the Grenadines
2016761,SA_0000001419,COUNTRY,MWI,YEAR,AFR,Africa,SEX,2004,SEX_FMLE,,,,,,,126,126.0,,,,2013-06-11T14:15:34+02:00,2004,2004-01-01T00:00:00+01:00,2004-12-31T00:00:00+01:00,Malawi
9421189,SA_0000001419,COUNTRY,DEU,YEAR,EUR,Europe,SEX,2004,SEX_FMLE,,,,,,,311,311.0,,,,2013-06-11T14:15:34+02:00,2004,2004-01-01T00:00:00+01:00,2004-12-31T00:00:00+01:00,Germany
139404,SA_0000001419,COUNTRY,COM,YEAR,AFR,Africa,SEX,2004,SEX_BTSX,,,,,,,73,73.0,,,,2013-06-11T14:15:34+02:00,2004,2004-01-01T00:00:00+01:00,2004-12-31T00:00:00+01:00,Comoros
4028732,SA_0000001419,COUNTRY,HRV,YEAR,EUR,Europe,SEX,2004,SEX_BTSX,,,,,,,165,165.0,,,,2013-06-11T14:15:34+02:00,2004,2004-01-01T00:00:00+01:00,2004-12-31T00:00:00+01:00,Croatia
6140690,SA_0000001419,COUNTRY,BLZ,YEAR,AMR,Americas,SEX,2004,SEX_FMLE,,,,,,,92,92.0,,,,2013-06-11T14:15:34+02:00,2004,2004-01-01T00:00:00+01:00,2004-12-31T00:00:00+01:00,Belize
8530264,SA_0000001419,COUNTRY,URY,YEAR,AMR,Americas,SEX,2004,SEX_BTSX,,,,,,,198,198.0,,,,2013-06-11T14:15:34+02:00,2004,2004-01-01T00:00:00+01:00,2004-12-31T00:00:00+01:00,Uruguay
2447149,SA_0000001419,COUNTRY,LBR,YEAR,AFR,Africa,SEX,2004,SEX_BTSX,,,,,,,158,158.0,,,,2013-06-11T14:15:34+02:00,2004,2004-01-01T00:00:00+01:00,2004-12-31T00:00:00+01:00,Liberia
1878436,SA_0000001419,COUNTRY,CAF,YEAR,AFR,Africa,SEX,2004,SEX_FMLE,,,,,,,188,188.0,,,,2013-06-11T14:15:34+02:00,2004,2004-01-01T00:00:00+01:00,2004-12-31T00:00:00+01:00,Central African Republic
8060907,SA_0000001419,COUNTRY,ZAF,YEAR,AFR,Africa,SEX,2004,SEX_FMLE,,,,,,,285,285.0,,,,2013-06-11T14:15:34+02:00,2004,2004-01-01T00:00:00+01:00,2004-12-31T00:00:00+01:00,South Africa
9153388,SA_0000001419,COUNTRY,KIR,YEAR,WPR,Western Pacific,SEX,2004,SEX_BTSX,,,,,,,156,156.0,,,,2013-06-11T14:15:34+02:00,2004,2004-01-01T00:00:00+01:00,2004-12-31T00:00:00+01:00,Kiribati
2744197,SA_0000001419,COUNTRY,BIH,YEAR,EUR,Europe,SEX,2004,SEX_MLE,,,,,,,3,,,,,2013-06-11T14:15:34+02:00,2004,2004-01-01T00:00:00+01:00,2004-12-31T00:00:00+01:00,Bosnia and Herzegovina
93319,SA_0000001419,COUNTRY,NGA,YEAR,AFR,Africa,SEX,2004,SEX_FMLE,,,,,,,497,497.0,,,,2013-06-11T14:15:34+02:00,2004,2004-01-01T00:00:00+01:00,2004-12-31T00:00:00+01:00,Nigeria
5207091,SA_0000001419,COUNTRY,PRT,YEAR,EUR,Europe,SEX,2004,SEX_BTSX,,,,,,,144,144.0,,,,2013-06-11T14:15:34+02:00,2004,2004-01-01T00:00:00+01:00,2004-12-31T00:00:00+01:00,Portugal
3909812,SA_0000001419,COUNTRY,BGR,YEAR,EUR,Europe,SEX,2004,SEX_BTSX,,,,,,,128,128.0,,,,2013-06-11T14:15:34+02:00,2004,2004-01-01T00:00:00+01:00,2004-12-31T00:00:00+01:00,Bulgaria
2063496,SA_0000001419,COUNTRY,TTO,YEAR,AMR,Americas,SEX,2004,SEX_FMLE,,,,,,,396,396.0,,,,2013-06-11T14:15:34+02:00,2004,2004-01-01T00:00:00+01:00,2004-12-31T00:00:00+01:00,Trinidad and Tobago
6101034,SA_0000001419,COUNTRY,RWA,YEAR,AFR,Africa,SEX,2004,SEX_FMLE,,,,,,,89,89.0,,,,2013-06-11T14:15:34+02:00,2004,2004-01-01T00:00:00+01:00,2004-12-31T00:00:00+01:00,Rwanda
4737632,SA_0000001419,COUNTRY,GNB,YEAR,AFR,Africa,SEX,2004,SEX_FMLE,,,,,,,419,419.0,,,,2013-06-11T14:15:34+02:00,2004,2004-01-01T00:00:00+01:00,2004-12-31T00:00:00+01:00,Guinea-Bissau
1997333,SA_0000001419,COUNTRY,GTM,YEAR,AMR,Americas,SEX,2004,SEX_BTSX,,,,,,,123,123.0,,,,2013-06-11T14:15:34+02:00,2004,2004-01-01T00:00:00+01:00,2004-12-31T00:00:00+01:00,Guatemala
4513050,SA_0000001419,COUNTRY,SWZ,YEAR,AFR,Africa,SEX,2004,SEX_BTSX,,,,,,,69,69.0,,,,2013-06-11T14:15:34+02:00,2004,2004-01-01T00:00:00+01:00,2004-12-31T00:00:00+01:00,Eswatini
3684899,SA_0000001419,COUNTRY,URY,YEAR,AMR,Americas,SEX,2004,SEX_MLE,,,,,,,1,,,,,2013-06-11T14:15:34+02:00,2004,2004-01-01T00:00:00+01:00,2004-12-31T00:00:00+01:00,Uruguay
9580573,SA_0000001419,COUNTRY,VUT,YEAR,WPR,Western Pacific,SEX,2004,SEX_BTSX,,,,,,,128,128.0,,,,2013-06-11T14:15:34+02:00,2004,2004-01-01T00:00:00+01:00,2004-12-31T00:00:00+01:00,Vanuatu
3816992,SA_0000001419,COUNTRY,MCO,YEAR,EUR,Europe,SEX,2004,SEX_MLE,,,,,,,2,,,,,2013-06-11T14:15:34+02:00,2004,2004-01-01T00:00:00+01:00,2004-12-31T00:00:00+01:00,Monaco
833653,SA_0000001419,COUNTRY,NPL,YEAR,SEAR,South-East Asia,SEX,2004,SEX_FMLE,,,,,,,259,259.0,,,,2013-06-11T14:15:34+02:00,2004,2004-01-01T00:00:00+01:00,2004-12-31T00:00:00+01:00,Nepal
7603683,SA_0000001419,COUNTRY,TKM,YEAR,EUR,Europe,SEX,2004,SEX_BTSX,,,,,,,72,72.0,,,,2013-06-11T14:15:34+02:00,2004,2004-01-01T00:00:00+01:00,2004-12-31T00:00:00+01:00,Turkmenistan
8127582,SA_0000001419,COUNTRY,GUY,YEAR,AMR,Americas,SEX,2004,SEX_BTSX,,,,,,,190,190.0,,,,2013-06-11T14:15:34+02:00,2004,2004-01-01T00:00:00+01:00,2004-12-31T00:00:00+01:00,Guyana
431527,SA_0000001419,COUNTRY,TGO,YEAR,AFR,Africa,SEX,2004,SEX_FMLE,,,,,,,357,357.0,,,,2013-06-11T14:15:34+02:00,2004,2004-01-01T00:00:00+01:00,2004-12-31T00:00:00+01:00,Togo
6054665,SA_0000001419,COUNTRY,MAR,YEAR,EMR,Eastern Mediterranean,SEX,2004,SEX_FMLE,,,,,,,170,170.0,,,,2013-06-11T14:15:34+02:00,2004,2004-01-01T00:00:00+01:00,2004-12-31T00:00:00+01:00,Morocco
4658394,SA_0000001419,COUNTRY,LKA,YEAR,SEAR,South-East Asia,SEX,2004,SEX_BTSX,,,,,,,129,129.0,,,,2013-06-11T14:15:34+02:00,2004,2004-01-01T00:00:00+01:00,2004-12-31T00:00:00+01:00,Sri Lanka
6384744,SA_0000001419,COUNTRY,VUT,YEAR,WPR,Western Pacific,SEX,2004,SEX_FMLE,,,,,,,263,263.0,,,,2013-06-11T14:15:34+02:00,2004,2004-01-01T00:00:00+01:00,2004-12-31T00:00:00+01:00,Vanuatu
2010617,SA_0000001419,COUNTRY,HRV,YEAR,EUR,Europe,SEX,2004,SEX_FMLE,,,,,,,308,308.0,,,,2013-06-11T14:15:34+02:00,2004,2004-01-01T00:00:00+01:00,2004-12-31T00:00:00+01:00,Croatia
3718204,SA_0000001419,COUNTRY,ZAF,YEAR,AFR,Africa,SEX,2004,SEX_BTSX,,,,,,,156,156.0,,,,2013-06-11T14:15:34+02:00,2004,2004-01-01T00:00:00+01:00,2004-12-31T00:00:00+01:00,South Africa
7822890,SA_0000001419,COUNTRY,SLV,YEAR,AMR,Americas,SEX,2004,SEX_FMLE,,,,,,,101,101.0,,,,2013-06-11T14:15:34+02:00,2004,2004-01-01T00:00:00+01:00,2004-12-31T00:00:00+01:00,El Salvador
3168519,SA_0000001419,COUNTRY,CHN,YEAR,WPR,Western Pacific,SEX,2004,SEX_FMLE,,,,,,,138,138.0,,,,2013-06-11T14:15:34+02:00,2004,2004-01-01T00:00:00+01:00,2004-12-31T00:00:00+01:00,China
8822641,SA_0000001419,COUNTRY,ATG,YEAR,AMR,Americas,SEX,2004,SEX_BTSX,,,,,,,283,283.0,,,,2013-06-11T14:15:34+02:00,2004,2004-01-01T00:00:00+01:00,2004-12-31T00:00:00+01:00,Antigua and Barbuda
5902803,SA_0000001419,COUNTRY,USA,YEAR,AMR,Americas,SEX,2004,SEX_BTSX,,,,,,,171,171.0,,,,2013-06-11T14:15:34+02:00,2004,2004-01-01T00:00:00+01:00,2004-12-31T00:00:00+01:00,United States
8147669,SA_0000001419,COUNTRY,BWA,YEAR,AFR,Africa,SEX,2004,SEX_FMLE,,,,,,,226,226.0,,,,2013-06-11T14:15:34+02:00,2004,2004-01-01T00:00:00+01:00,2004-12-31T00:00:00+01:00,Botswana
9133870,SA_0000001419,COUNTRY,NIU,YEAR,WPR,Western Pacific,SEX,2004,SEX_MLE,,,,,,,5,,,,,2013-06-11T14:15:34+02:00,2004,2004-01-01T00:00:00+01:00,2004-12-31T00:00:00+01:00,Niue
6081399,SA_0000001419,COUNTRY,GTM,YEAR,AMR,Americas,SEX,2004,SEX_FMLE,,,,,,,234,234.0,,,,2013-06-11T14:15:34+02:00,2004,2004-01-01T00:00:00+01:00,2004-12-31T00:00:00+01:00,Guatemala
8537542,SA_0000001419,COUNTRY,HTI,YEAR,AMR,Americas,SEX,2004,SEX_BTSX,,,,,,,15,15.0,,,,2013-06-11T14:15:34+02:00,2004,2004-01-01T00:00:00+01:00,2004-12-31T00:00:00+01:00,Haiti
695783,SA_0000001419,COUNTRY,TTO,YEAR,AMR,Americas,SEX,2004,SEX_BTSX,,,,,,,209,209.0,,,,2013-06-11T14:15:34+02:00,2004,2004-01-01T00:00:00+01:00,2004-12-31T00:00:00+01:00,Trinidad and Tobago
721916,SA_0000001419,COUNTRY,CHE,YEAR,EUR,Europe,SEX,2004,SEX_FMLE,,,,,,,291,291.0,,,,2013-06-11T14:15:34+02:00,2004,2004-01-01T00:00:00+01:00,2004-12-31T00:00:00+01:00,Switzerland
4301318,SA_0000001419,COUNTRY,MDV,YEAR,SEAR,South-East Asia,SEX,2004,SEX_MLE,,,,,,,1,,,,,2013-06-11T14:15:34+02:00,2004,2004-01-01T00:00:00+01:00,2004-12-31T00:00:00+01:00,Maldives
9215747,SA_0000001419,COUNTRY,SYC,YEAR,AFR,Africa,SEX,2004,SEX_MLE,,,,,,,26,26.0,,,,2013-06-11T14:15:34+02:00,2004,2004-01-01T00:00:00+01:00,2004-12-31T00:00:00+01:00,Seychelles
6371717,SA_0000001419,COUNTRY,BEL,YEAR,EUR,Europe,SEX,2004,SEX_FMLE,,,,,,,388,388.0,,,,2013-06-11T14:15:34+02:00,2004,2004-01-01T00:00:00+01:00,2004-12-31T00:00:00+01:00,Belgium
5883054,SA_0000001419,COUNTRY,SVN,YEAR,EUR,Europe,SEX,2004,SEX_BTSX,,,,,,,157,157.0,,,,2013-06-11T14:15:34+02:00,2004,2004-01-01T00:00:00+01:00,2004-12-31T00:00:00+01:00,Slovenia
3208477,SA_0000001419,COUNTRY,TON,YEAR,WPR,Western Pacific,SEX,2004,SEX_BTSX,,,,,,,128,128.0,,,,2013-06-11T14:15:34+02:00,2004,2004-01-01T00:00:00+01:00,2004-12-31T00:00:00+01:00,Tonga
5141196,SA_0000001419,COUNTRY,MUS,YEAR,AFR,Africa,SEX,2004,SEX_BTSX,,,,,,,129,129.0,,,,2013-06-11T14:15:34+02:00,2004,2004-01-01T00:00:00+01:00,2004-12-31T00:00:00+01:00,Mauritius
3526973,SA_0000001419,COUNTRY,PRT,YEAR,EUR,Europe,SEX,2004,SEX_MLE,,,,,,,4,,,,,2013-06-11T14:15:34+02:00,2004,2004-01-01T00:00:00+01:00,2004-12-31T00:00:00+01:00,Portugal
5287048,SA_0000001419,COUNTRY,DMA,YEAR,AMR,Americas,SEX,2004,SEX_BTSX,,,,,,,286,286.0,,,,2013-06-11T14:15:34+02:00,2004,2004-01-01T00:00:00+01:00,2004-12-31T00:00:00+01:00,Dominica
636556,SA_0000001419,COUNTRY,ISR,YEAR,EUR,Europe,SEX,2004,SEX_BTSX,,,,,,,179,179.0,,,,2013-06-11T14:15:34+02:00,2004,2004-01-01T00:00:00+01:00,2004-12-31T00:00:00+01:00,Israel
4274726,SA_0000001419,COUNTRY,JAM,YEAR,AMR,Americas,SEX,2004,SEX_FMLE,,,,,,,337,337.0,,,,2013-06-11T14:15:34+02:00,2004,2004-01-01T00:00:00+01:00,2004-12-31T00:00:00+01:00,Jamaica
4837613,SA_0000001419,COUNTRY,HUN,YEAR,EUR,Europe,SEX,2004,SEX_BTSX,,,,,,,166,166.0,,,,2013-06-11T14:15:34+02:00,2004,2004-01-01T00:00:00+01:00,2004-12-31T00:00:00+01:00,Hungary
8405227,SA_0000001419,COUNTRY,AFG,YEAR,EMR,Eastern Mediterranean,SEX,2004,SEX_FMLE,,,,,,,506,506.0,,,,2013-06-11T14:15:34+02:00,2004,2004-01-01T00:00:00+01:00,2004-12-31T00:00:00+01:00,Afghanistan
5505041,SA_0000001419,COUNTRY,URY,YEAR,AMR,Americas,SEX,2004,SEX_FMLE,,,,,,,370,370.0,,,,2013-06-11T14:15:34+02:00,2004,2004-01-01T00:00:00+01:00,2004-12-31T00:00:00+01:00,Uruguay
854026,SA_0000001419,COUNTRY,NZL,YEAR,WPR,Western Pacific,SEX,2004,SEX_FMLE,,,,,,,387,387.0,,,,2013-06-11T14:15:34+02:00,2004,2004-01-01T00:00:00+01:00,2004-12-31T00:00:00+01:00,New Zealand
2302513,SA_0000001419,COUNTRY,NOR,YEAR,EUR,Europe,SEX,2004,SEX_MLE,,,,,,,1,,,,,2013-06-11T14:15:34+02:00,2004,2004-01-01T00:00:00+01:00,2004-12-31T00:00:00+01:00,Norway
2487653,SA_0000001419,COUNTRY,STP,YEAR,AFR,Africa,SEX,2004,SEX_BTSX,,,,,,,95,95.0,,,,2013-06-11T14:15:34+02:00,2004,2004-01-01T00:00:00+01:00,2004-12-31T00:00:00+01:00,Sao Tome and Principe
1317207,SA_0000001419,COUNTRY,TJK,YEAR,EUR,Europe,SEX,2004,SEX_BTSX,,,,,,,74,74.0,,,,2013-06-11T14:15:34+02:00,2004,2004-01-01T00:00:00+01:00,2004-12-31T00:00:00+01:00,Tajikistan
7902989,SA_0000001419,COUNTRY,IRN,YEAR,EMR,Eastern Mediterranean,SEX,2004,SEX_FMLE,,,,,,,167,167.0,,,,2013-06-11T14:15:34+02:00,2004,2004-01-01T00:00:00+01:00,2004-12-31T00:00:00+01:00,"Iran, Islamic Republic of"
6796059,SA_0000001419,COUNTRY,LCA,YEAR,AMR,Americas,SEX,2004,SEX_FMLE,,,,,,,286,286.0,,,,2013-06-11T14:15:34+02:00,2004,2004-01-01T00:00:00+01:00,2004-12-31T00:00:00+01:00,Saint Lucia
1971401,SA_0000001419,COUNTRY,FIN,YEAR,EUR,Europe,SEX,2004,SEX_MLE,,,,,,,1,,,,,2013-06-11T14:15:34+02:00,2004,2004-01-01T00:00:00+01:00,2004-12-31T00:00:00+01:00,Finland
9147460,SA_0000001419,COUNTRY,COK,YEAR,WPR,Western Pacific,SEX,2004,SEX_MLE,,,,,,,4,,,,,2013-06-11T14:15:34+02:00,2004,2004-01-01T00:00:00+01:00,2004-12-31T00:00:00+01:00,Cook Islands
8193838,SA_0000001419,COUNTRY,CYP,YEAR,EUR,Europe,SEX,2004,SEX_BTSX,,,,,,,120,120.0,,,,2013-06-11T14:15:34+02:00,2004,2004-01-01T00:00:00+01:00,2004-12-31T00:00:00+01:00,Cyprus
7830025,SA_0000001419,COUNTRY,BRA,YEAR,AMR,Americas,SEX,2004,SEX_BTSX,,,,,,,177,177.0,,,,2013-06-11T14:15:34+02:00,2004,2004-01-01T00:00:00+01:00,2004-12-31T00:00:00+01:00,Brazil
8081709,SA_0000001419,COUNTRY,FIN,YEAR,EUR,Europe,SEX,2004,SEX_FMLE,,,,,,,245,245.0,,,,2013-06-11T14:15:34+02:00,2004,2004-01-01T00:00:00+01:00,2004-12-31T00:00:00+01:00,Finland
5750500,SA_0000001419,COUNTRY,BLZ,YEAR,AMR,Americas,SEX,2004,SEX_BTSX,,,,,,,47,47.0,,,,2013-06-11T14:15:34+02:00,2004,2004-01-01T00:00:00+01:00,2004-12-31T00:00:00+01:00,Belize
6181366,SA_0000001419,COUNTRY,SYC,YEAR,AFR,Africa,SEX,2004,SEX_BTSX,,,,,,,117,117.0,,,,2013-06-11T14:15:34+02:00,2004,2004-01-01T00:00:00+01:00,2004-12-31T00:00:00+01:00,Seychelles
6617552,SA_0000001419,COUNTRY,KEN,YEAR,AFR,Africa,SEX,2004,SEX_FMLE,,,,,,,178,178.0,,,,2013-06-11T14:15:34+02:00,2004,2004-01-01T00:00:00+01:00,2004-12-31T00:00:00+01:00,Kenya
2950137,SA_0000001419,COUNTRY,ETH,YEAR,AFR,Africa,SEX,2004,SEX_BTSX,,,,,,,103,103.0,,,,2013-06-11T14:15:34+02:00,2004,2004-01-01T00:00:00+01:00,2004-12-31T00:00:00+01:00,Ethiopia
880795,SA_0000001419,COUNTRY,OMN,YEAR,EMR,Eastern Mediterranean,SEX,2004,SEX_FMLE,,,,,,,171,171.0,,,,2013-06-11T14:15:34+02:00,2004,2004-01-01T00:00:00+01:00,2004-12-31T00:00:00+01:00,Oman
8128315,SA_0000001419,COUNTRY,SUR,YEAR,AMR,Americas,SEX,2004,SEX_BTSX,,,,,,,110,110.0,,,,2013-06-11T14:15:34+02:00,2004,2004-01-01T00:00:00+01:00,2004-12-31T00:00:00+01:00,Suriname
2626967,SA_0000001419,COUNTRY,BHR,YEAR,EMR,Eastern Mediterranean,SEX,2004,SEX_BTSX,,,,,,,116,116.0,,,,2013-06-11T14:15:34+02:00,2004,2004-01-01T00:00:00+01:00,2004-12-31T00:00:00+01:00,Bahrain
4547013,SA_0000001419,COUNTRY,BRN,YEAR,WPR,Western Pacific,SEX,2004,SEX_BTSX,,,,,,,102,102.0,,,,2013-06-11T14:15:34+02:00,2004,2004-01-01T00:00:00+01:00,2004-12-31T00:00:00+01:00,Brunei Darussalam
7173657,SA_0000001419,COUNTRY,BGD,YEAR,SEAR,South-East Asia,SEX,2004,SEX_FMLE,,,,,,,169,169.0,,,,2013-06-11T14:15:34+02:00,2004,2004-01-01T00:00:00+01:00,2004-12-31T00:00:00+01:00,Bangladesh
8432240,SA_0000001419,COUNTRY,NOR,YEAR,EUR,Europe,SEX,2004,SEX_BTSX,,,,,,,152,152.0,,,,2013-06-11T14:15:34+02:00,2004,2004-01-01T00:00:00+01:00,2004-12-31T00:00:00+01:00,Norway
2448234,SA_0000001419,COUNTRY,SMR,YEAR,EUR,Europe,SEX,2004,SEX_FMLE,,,,,,,169,169.0,,,,2013-06-11T14:15:34+02:00,2004,2004-01-01T00:00:00+01:00,2004-12-31T00:00:00+01:00,San Marino
7611175,SA_0000001419,COUNTRY,AFG,YEAR,EMR,Eastern Mediterranean,SEX,2004,SEX_BTSX,,,,,,,244,244.0,,,,2013-06-11T14:15:34+02:00,2004,2004-01-01T00:00:00+01:00,2004-12-31T00:00:00+01:00,Afghanistan
4811585,SA_0000001419,COUNTRY,CRI,YEAR,AMR,Americas,SEX,2004,SEX_MLE,,,,,,,2,,,,,2013-06-11T14:15:34+02:00,2004,2004-01-01T00:00:00+01:00,2004-12-31T00:00:00+01:00,Costa Rica
1753671,SA_0000001419,COUNTRY,MEX,YEAR,AMR,Americas,SEX,2004,SEX_FMLE,,,,,,,172,172.0,,,,2013-06-11T14:15:34+02:00,2004,2004-01-01T00:00:00+01:00,2004-12-31T00:00:00+01:00,Mexico
5604848,SA_0000001419,COUNTRY,ALB,YEAR,EUR,Europe,SEX,2004,SEX_BTSX,,,,,,,193,193.0,,,,2013-06-11T14:15:34+02:00,2004,2004-01-01T00:00:00+01:00,2004-12-31T00:00:00+01:00,Albania
8465504,SA_0000001419,COUNTRY,ARE,YEAR,EMR,Eastern Mediterranean,SEX,2004,SEX_FMLE,,,,,,,133,133.0,,,,2013-06-11T14:15:34+02:00,2004,2004-01-01T00:00:00+01:00,2004-12-31T00:00:00+01:00,United Arab Emirates
3056613,SA_0000001419,COUNTRY,GNQ,YEAR,AFR,Africa,SEX,2004,SEX_FMLE,,,,,,,214,214.0,,,,2013-06-11T14:15:34+02:00,2004,2004-01-01T00:00:00+01:00,2004-12-31T00:00:00+01:00,Equatorial Guinea
6684036,SA_0000001419,COUNTRY,SEN,YEAR,AFR,Africa,SEX,2004,SEX_FMLE,,,,,,,221,221.0,,,,2013-06-11T14:15:34+02:00,2004,2004-01-01T00:00:00+01:00,2004-12-31T00:00:00+01:00,Senegal
6928761,SA_0000001419,COUNTRY,RWA,YEAR,AFR,Africa,SEX,2004,SEX_BTSX,,,,,,,49,49.0,,,,2013-06-11T14:15:34+02:00,2004,2004-01-01T00:00:00+01:00,2004-12-31T00:00:00+01:00,Rwanda
1383914,SA_0000001419,COUNTRY,COK,YEAR,WPR,Western Pacific,SEX,2004,SEX_BTSX,,,,,,,63,63.0,,,,2013-06-11T14:15:34+02:00,2004,2004-01-01T00:00:00+01:00,2004-12-31T00:00:00+01:00,Cook Islands
4103054,SA_0000001419,COUNTRY,PHL,YEAR,WPR,Western Pacific,SEX,2004,SEX_BTSX,,,,,,,148,148.0,,,,2013-06-11T14:15:34+02:00,2004,2004-01-01T00:00:00+01:00,2004-12-31T00:00:00+01:00,Philippines
6002682,SA_0000001419,COUNTRY,NZL,YEAR,WPR,Western Pacific,SEX,2004,SEX_BTSX,,,,,,,200,200.0,,,,2013-06-11T14:15:34+02:00,2004,2004-01-01T00:00:00+01:00,2004-12-31T00:00:00+01:00,New Zealand
4685873,SA_0000001419,COUNTRY,NAM,YEAR,AFR,Africa,SEX,2004,SEX_FMLE,,,,,,,145,145.0,,,,2013-06-11T14:15:34+02:00,2004,2004-01-01T00:00:00+01:00,2004-12-31T00:00:00+01:00,Namibia
4355113,SA_0000001419,COUNTRY,NER,YEAR,AFR,Africa,SEX,2004,SEX_FMLE,,,,,,,373,373.0,,,,2013-06-11T14:15:34+02:00,2004,2004-01-01T00:00:00+01:00,2004-12-31T00:00:00+01:00,Niger
6492087,SA_0000001419,COUNTRY,GHA,YEAR,AFR,Africa,SEX,2004,SEX_MLE,,,,,,,2,,,,,2013-06-11T14:15:34+02:00,2004,2004-01-01T00:00:00+01:00,2004-12-31T00:00:00+01:00,Ghana
5366571,SA_0000001419,COUNTRY,GIN,YEAR,AFR,Africa,SEX,2004,SEX_BTSX,,,,,,,102,102.0,,,,2013-06-11T14:15:34+02:00,2004,2004-01-01T00:00:00+01:00,2004-12-31T00:00:00+01:00,Guinea
5287862,SA_0000001419,COUNTRY,LUX,YEAR,EUR,Europe,SEX,2004,SEX_MLE,,,,,,,3,,,,,2013-06-11T14:15:34+02:00,2004,2004-01-01T00:00:00+01:00,2004-12-31T00:00:00+01:00,Luxembourg
5399841,SA_0000001419,COUNTRY,IRL,YEAR,EUR,Europe,SEX,2004,SEX_FMLE,,,,,,,357,357.0,,,,2013-06-11T14:15:34+02:00,2004,2004-01-01T00:00:00+01:00,2004-12-31T00:00:00+01:00,Ireland
7624759,SA_0000001419,COUNTRY,ISL,YEAR,EUR,Europe,SEX,2004,SEX_FMLE,,,,,,,295,295.0,,,,2013-06-11T14:15:34+02:00,2004,2004-01-01T00:00:00+01:00,2004-12-31T00:00:00+01:00,Iceland
1106177,SA_0000001419,COUNTRY,PLW,YEAR,WPR,Western Pacific,SEX,2004,SEX_FMLE,,,,,,,270,270.0,,,,2013-06-11T14:15:34+02:00,2004,2004-01-01T00:00:00+01:00,2004-12-31T00:00:00+01:00,Palau
4917628,SA_0000001419,COUNTRY,MEX,YEAR,AMR,Americas,SEX,2004,SEX_BTSX,,,,,,,90,90.0,,,,2013-06-11T14:15:34+02:00,2004,2004-01-01T00:00:00+01:00,2004-12-31T00:00:00+01:00,Mexico
9668067,SA_0000001419,COUNTRY,SWE,YEAR,EUR,Europe,SEX,2004,SEX_FMLE,,,,,,,230,230.0,,,,2013-06-11T14:15:34+02:00,2004,2004-01-01T00:00:00+01:00,2004-12-31T00:00:00+01:00,Sweden
300280,SA_0000001419,COUNTRY,KEN,YEAR,AFR,Africa,SEX,2004,SEX_BTSX,,,,,,,93,93.0,,,,2013-06-11T14:15:34+02:00,2004,2004-01-01T00:00:00+01:00,2004-12-31T00:00:00+01:00,Kenya
2210600,SA_0000001419,COUNTRY,PRK,YEAR,SEAR,South-East Asia,SEX,2004,SEX_FMLE,,,,,,,153,153.0,,,,2013-06-11T14:15:34+02:00,2004,2004-01-01T00:00:00+01:00,2004-12-31T00:00:00+01:00,"Korea, Democratic People's Republic of"
6049179,SA_0000001419,COUNTRY,MYS,YEAR,WPR,Western Pacific,SEX,2004,SEX_FMLE,,,,,,,251,251.0,,,,2013-06-11T14:15:34+02:00,2004,2004-01-01T00:00:00+01:00,2004-12-31T00:00:00+01:00,Malaysia
6405821,SA_0000001419,COUNTRY,NGA,YEAR,AFR,Africa,SEX,2004,SEX_BTSX,,,,,,,258,258.0,,,,2013-06-11T14:15:34+02:00,2004,2004-01-01T00:00:00+01:00,2004-12-31T00:00:00+01:00,Nigeria
4864362,SA_0000001419,COUNTRY,LAO,YEAR,WPR,Western Pacific,SEX,2004,SEX_BTSX,,,,,,,86,86.0,,,,2013-06-11T14:15:34+02:00,2004,2004-01-01T00:00:00+01:00,2004-12-31T00:00:00+01:00,Lao People's Democratic Republic
2018326,SA_0000001419,COUNTRY,SYR,YEAR,EMR,Eastern Mediterranean,SEX,2004,SEX_BTSX,,,,,,,87,87.0,,,,2013-06-11T14:15:34+02:00,2004,2004-01-01T00:00:00+01:00,2004-12-31T00:00:00+01:00,Syrian Arab Republic
3712730,SA_0000001419,COUNTRY,BGD,YEAR,SEAR,South-East Asia,SEX,2004,SEX_BTSX,,,,,,,84,84.0,,,,2013-06-11T14:15:34+02:00,2004,2004-01-01T00:00:00+01:00,2004-12-31T00:00:00+01:00,Bangladesh
7976659,SA_0000001419,COUNTRY,TON,YEAR,WPR,Western Pacific,SEX,2004,SEX_MLE,,,,,,,3,,,,,2013-06-11T14:15:34+02:00,2004,2004-01-01T00:00:00+01:00,2004-12-31T00:00:00+01:00,Tonga
9734436,SA_0000001419,COUNTRY,TUN,YEAR,EMR,Eastern Mediterranean,SEX,2004,SEX_BTSX,,,,,,,62,62.0,,,,2013-06-11T14:15:34+02:00,2004,2004-01-01T00:00:00+01:00,2004-12-31T00:00:00+01:00,Tunisia
9269009,SA_0000001419,COUNTRY,NZL,YEAR,WPR,Western Pacific,SEX,2004,SEX_MLE,,,,,,,1,,,,,2013-06-11T14:15:34+02:00,2004,2004-01-01T00:00:00+01:00,2004-12-31T00:00:00+01:00,New Zealand
3003867,SA_0000001419,COUNTRY,TLS,YEAR,SEAR,South-East Asia,SEX,2004,SEX_BTSX,,,,,,,111,111.0,,,,2013-06-11T14:15:34+02:00,2004,2004-01-01T00:00:00+01:00,2004-12-31T00:00:00+01:00,Timor-Leste
5288026,SA_0000001419,COUNTRY,GNQ,YEAR,AFR,Africa,SEX,2004,SEX_BTSX,,,,,,,113,113.0,,,,2013-06-11T14:15:34+02:00,2004,2004-01-01T00:00:00+01:00,2004-12-31T00:00:00+01:00,Equatorial Guinea
8936357,SA_0000001419,COUNTRY,LCA,YEAR,AMR,Americas,SEX,2004,SEX_MLE,,,,,,,4,,,,,2013-06-11T14:15:34+02:00,2004,2004-01-01T00:00:00+01:00,2004-12-31T00:00:00+01:00,Saint Lucia
7664594,SA_0000001419,COUNTRY,KGZ,YEAR,EUR,Europe,SEX,2004,SEX_BTSX,,,,,,,104,104.0,,,,2013-06-11T14:15:34+02:00,2004,2004-01-01T00:00:00+01:00,2004-12-31T00:00:00+01:00,Kyrgyzstan
8584860,SA_0000001419,COUNTRY,MUS,YEAR,AFR,Africa,SEX,2004,SEX_MLE,,,,,,,1,,,,,2013-06-11T14:15:34+02:00,2004,2004-01-01T00:00:00+01:00,2004-12-31T00:00:00+01:00,Mauritius
4229300,SA_0000001419,COUNTRY,SDN,YEAR,EMR,Eastern Mediterranean,SEX,2004,SEX_BTSX,,,,,,,178,178.0,,,,2013-06-11T14:15:34+02:00,2004,2004-01-01T00:00:00+01:00,2004-12-31T00:00:00+01:00,Sudan
2917934,SA_0000001419,COUNTRY,TGO,YEAR,AFR,Africa,SEX,2004,SEX_BTSX,,,,,,,188,188.0,,,,2013-06-11T14:15:34+02:00,2004,2004-01-01T00:00:00+01:00,2004-12-31T00:00:00+01:00,Togo
4931070,SA_0000001419,COUNTRY,LBN,YEAR,EMR,Eastern Mediterranean,SEX,2004,SEX_BTSX,,,,,,,135,135.0,,,,2013-06-11T14:15:34+02:00,2004,2004-01-01T00:00:00+01:00,2004-12-31T00:00:00+01:00,Lebanon
7174218,SA_0000001419,COUNTRY,ARM,YEAR,EUR,Europe,SEX,2004,SEX_FMLE,,,,,,,552,552.0,,,,2013-06-11T14:15:34+02:00,2004,2004-01-01T00:00:00+01:00,2004-12-31T00:00:00+01:00,Armenia
5201960,SA_0000001419,COUNTRY,FSM,YEAR,WPR,Western Pacific,SEX,2004,SEX_BTSX,,,,,,,83,83.0,,,,2013-06-11T14:15:34+02:00,2004,2004-01-01T00:00:00+01:00,2004-12-31T00:00:00+01:00,"Micronesia, Federated States of"
5671740,SA_0000001419,COUNTRY,ECU,YEAR,AMR,Americas,SEX,2004,SEX_BTSX,,,,,,,85,85.0,,,,2013-06-11T14:15:34+02:00,2004,2004-01-01T00:00:00+01:00,2004-12-31T00:00:00+01:00,Ecuador
881435,SA_0000001419,COUNTRY,DNK,YEAR,EUR,Europe,SEX,2004,SEX_BTSX,,,,,,,202,202.0,,,,2013-06-11T14:15:34+02:00,2004,2004-01-01T00:00:00+01:00,2004-12-31T00:00:00+01:00,Denmark
4494747,SA_0000001419,COUNTRY,BLR,YEAR,EUR,Europe,SEX,2004,SEX_FMLE,,,,,,,276,276.0,,,,2013-06-11T14:15:34+02:00,2004,2004-01-01T00:00:00+01:00,2004-12-31T00:00:00+01:00,Belarus
5572217,SA_0000001419,COUNTRY,GAB,YEAR,AFR,Africa,SEX,2004,SEX_FMLE,,,,,,,159,159.0,,,,2013-06-11T14:15:34+02:00,2004,2004-01-01T00:00:00+01:00,2004-12-31T00:00:00+01:00,Gabon
1556162,SA_0000001419,COUNTRY,CZE,YEAR,EUR,Europe,SEX,2004,SEX_MLE,,,,,,,2,,,,,2013-06-11T14:15:34+02:00,2004,2004-01-01T00:00:00+01:00,2004-12-31T00:00:00+01:00,Czechia
1760866,SA_0000001419,COUNTRY,IRQ,YEAR,EMR,Eastern Mediterranean,SEX,2004,SEX_FMLE,,,,,,,382,382.0,,,,2013-06-11T14:15:34+02:00,2004,2004-01-01T00:00:00+01:00,2004-12-31T00:00:00+01:00,Iraq
604552,SA_0000001419,COUNTRY,NIU,YEAR,WPR,Western Pacific,SEX,2004,SEX_FMLE,,,,,,,167,167.0,,,,2013-06-11T14:15:34+02:00,2004,2004-01-01T00:00:00+01:00,2004-12-31T00:00:00+01:00,Niue
2984087,SA_0000001419,COUNTRY,MKD,YEAR,EUR,Europe,SEX,2004,SEX_BTSX,,,,,,,153,153.0,,,,2013-06-11T14:15:34+02:00,2004,2004-01-01T00:00:00+01:00,2004-12-31T00:00:00+01:00,North Macedonia
8366824,SA_0000001419,COUNTRY,FSM,YEAR,WPR,Western Pacific,SEX,2004,SEX_FMLE,,,,,,,162,162.0,,,,2013-06-11T14:15:34+02:00,2004,2004-01-01T00:00:00+01:00,2004-12-31T00:00:00+01:00,"Micronesia, Federated States of"
3355604,SA_0000001419,COUNTRY,UGA,YEAR,AFR,Africa,SEX,2004,SEX_BTSX,,,,,,,80,80.0,,,,2013-06-11T14:15:34+02:00,2004,2004-01-01T00:00:00+01:00,2004-12-31T00:00:00+01:00,Uganda
928043,SA_0000001419,COUNTRY,GBR,YEAR,EUR,Europe,SEX,2004,SEX_BTSX,,,,,,,182,182.0,,,,2013-06-11T14:15:34+02:00,2004,2004-01-01T00:00:00+01:00,2004-12-31T00:00:00+01:00,United Kingdom
4574045,SA_0000001419,COUNTRY,MYS,YEAR,WPR,Western Pacific,SEX,2004,SEX_BTSX,,,,,,,125,125.0,,,,2013-06-11T14:15:34+02:00,2004,2004-01-01T00:00:00+01:00,2004-12-31T00:00:00+01:00,Malaysia
466235,SA_0000001419,COUNTRY,JOR,YEAR,EMR,Eastern Mediterranean,SEX,2004,SEX_FMLE,,,,,,,393,393.0,,,,2013-06-11T14:15:34+02:00,2004,2004-01-01T00:00:00+01:00,2004-12-31T00:00:00+01:00,Jordan
539082,SA_0000001419,COUNTRY,SVK,YEAR,EUR,Europe,SEX,2004,SEX_MLE,,,,,,,3,,,,,2013-06-11T14:15:34+02:00,2004,2004-01-01T00:00:00+01:00,2004-12-31T00:00:00+01:00,Slovakia
8082650,SA_0000001419,COUNTRY,BGR,YEAR,EUR,Europe,SEX,2004,SEX_MLE,,,,,,,2,,,,,2013-06-11T14:15:34+02:00,2004,2004-01-01T00:00:00+01:00,2004-12-31T00:00:00+01:00,Bulgaria
6605077,SA_0000001419,COUNTRY,BTN,YEAR,SEAR,South-East Asia,SEX,2004,SEX_BTSX,,,,,,,79,79.0,,,,2013-06-11T14:15:34+02:00,2004,2004-01-01T00:00:00+01:00,2004-12-31T00:00:00+01:00,Bhutan
2614,SA_0000001419,COUNTRY,USA,YEAR,AMR,Americas,SEX,2004,SEX_MLE,,,,,,,2,,,,,2013-06-11T14:15:34+02:00,2004,2004-01-01T00:00:00+01:00,2004-12-31T00:00:00+01:00,United States
5519521,SA_0000001419,COUNTRY,NLD,YEAR,EUR,Europe,SEX,2004,SEX_MLE,,,,,,,2,,,,,2013-06-11T14:15:34+02:00,2004,2004-01-01T00:00:00+01:00,2004-12-31T00:00:00+01:00,Netherlands
6863253,SA_0000001419,COUNTRY,BFA,YEAR,AFR,Africa,SEX,2004,SEX_FMLE,,,,,,,450,450.0,,,,2013-06-11T14:15:34+02:00,2004,2004-01-01T00:00:00+01:00,2004-12-31T00:00:00+01:00,Burkina Faso
9489250,SA_0000001419,COUNTRY,TON,YEAR,WPR,Western Pacific,SEX,2004,SEX_FMLE,,,,,,,244,244.0,,,,2013-06-11T14:15:34+02:00,2004,2004-01-01T00:00:00+01:00,2004-12-31T00:00:00+01:00,Tonga
8227978,SA_0000001419,COUNTRY,SLE,YEAR,AFR,Africa,SEX,2004,SEX_BTSX,,,,,,,261,261.0,,,,2013-06-11T14:15:34+02:00,2004,2004-01-01T00:00:00+01:00,2004-12-31T00:00:00+01:00,Sierra Leone
4944399,SA_0000001419,COUNTRY,SLE,YEAR,AFR,Africa,SEX,2004,SEX_FMLE,,,,,,,493,493.0,,,,2013-06-11T14:15:34+02:00,2004,2004-01-01T00:00:00+01:00,2004-12-31T00:00:00+01:00,Sierra Leone
7505512,SA_0000001419,COUNTRY,BRN,YEAR,WPR,Western Pacific,SEX,2004,SEX_FMLE,,,,,,,226,226.0,,,,2013-06-11T14:15:34+02:00,2004,2004-01-01T00:00:00+01:00,2004-12-31T00:00:00+01:00,Brunei Darussalam
5063122,SA_0000001419,COUNTRY,DNK,YEAR,EUR,Europe,SEX,2004,SEX_FMLE,,,,,,,393,393.0,,,,2013-06-11T14:15:34+02:00,2004,2004-01-01T00:00:00+01:00,2004-12-31T00:00:00+01:00,Denmark
5599016,SA_0000001419,COUNTRY,DMA,YEAR,AMR,Americas,SEX,2004,SEX_FMLE,,,,,,,556,556.0,,,,2013-06-11T14:15:34+02:00,2004,2004-01-01T00:00:00+01:00,2004-12-31T00:00:00+01:00,Dominica
6155739,SA_0000001419,COUNTRY,FRA,YEAR,EUR,Europe,SEX,2004,SEX_FMLE,,,,,,,346,346.0,,,,2013-06-11T14:15:34+02:00,2004,2004-01-01T00:00:00+01:00,2004-12-31T00:00:00+01:00,France
4765903,SA_0000001419,COUNTRY,PER,YEAR,AMR,Americas,SEX,2004,SEX_BTSX,,,,,,,130,130.0,,,,2013-06-11T14:15:34+02:00,2004,2004-01-01T00:00:00+01:00,2004-12-31T00:00:00+01:00,Peru
4938015,SA_0000001419,COUNTRY,ARM,YEAR,EUR,Europe,SEX,2004,SEX_BTSX,,,,,,,310,310.0,,,,2013-06-11T14:15:34+02:00,2004,2004-01-01T00:00:00+01:00,2004-12-31T00:00:00+01:00,Armenia
723303,SA_0000001419,COUNTRY,AGO,YEAR,AFR,Africa,SEX,2004,SEX_BTSX,,,,,,,218,218.0,,,,2013-06-11T14:15:34+02:00,2004,2004-01-01T00:00:00+01:00,2004-12-31T00:00:00+01:00,Angola
9122064,SA_0000001419,COUNTRY,MNG,YEAR,WPR,Western Pacific,SEX,2004,SEX_FMLE,,,,,,,93,93.0,,,,2013-06-11T14:15:34+02:00,2004,2004-01-01T00:00:00+01:00,2004-12-31T00:00:00+01:00,Mongolia
690632,SA_0000001419,COUNTRY,AZE,YEAR,EUR,Europe,SEX,2004,SEX_BTSX,,,,,,,151,151.0,,,,2013-06-11T14:15:34+02:00,2004,2004-01-01T00:00:00+01:00,2004-12-31T00:00:00+01:00,Azerbaijan
8162264,SA_0000001419,COUNTRY,AUT,YEAR,EUR,Europe,SEX,2004,SEX_BTSX,,,,,,,135,135.0,,,,2013-06-11T14:15:34+02:00,2004,2004-01-01T00:00:00+01:00,2004-12-31T00:00:00+01:00,Austria
62355,SA_0000001419,COUNTRY,AGO,YEAR,AFR,Africa,SEX,2004,SEX_FMLE,,,,,,,410,410.0,,,,2013-06-11T14:15:34+02:00,2004,2004-01-01T00:00:00+01:00,2004-12-31T00:00:00+01:00,Angola
2078438,SA_0000001419,COUNTRY,COM,YEAR,AFR,Africa,SEX,2004,SEX_FMLE,,,,,,,140,140.0,,,,2013-06-11T14:15:34+02:00,2004,2004-01-01T00:00:00+01:00,2004-12-31T00:00:00+01:00,Comoros
6691561,SA_0000001419,COUNTRY,IDN,YEAR,SEAR,South-East Asia,SEX,2004,SEX_BTSX,,,,,,,168,168.0,,,,2013-06-11T14:15:34+02:00,2004,2004-01-01T00:00:00+01:00,2004-12-31T00:00:00+01:00,Indonesia
261035,SA_0000001419,COUNTRY,GHA,YEAR,AFR,Africa,SEX,2004,SEX_BTSX,,,,,,,155,155.0,,,,2013-06-11T14:15:34+02:00,2004,2004-01-01T00:00:00+01:00,2004-12-31T00:00:00+01:00,Ghana
3905075,SA_0000001419,COUNTRY,BLR,YEAR,EUR,Europe,SEX,2004,SEX_BTSX,,,,,,,153,153.0,,,,2013-06-11T14:15:34+02:00,2004,2004-01-01T00:00:00+01:00,2004-12-31T00:00:00+01:00,Belarus
9168475,SA_0000001419,COUNTRY,POL,YEAR,EUR,Europe,SEX,2004,SEX_BTSX,,,,,,,138,138.0,,,,2013-06-11T14:15:34+02:00,2004,2004-01-01T00:00:00+01:00,2004-12-31T00:00:00+01:00,Poland
2475677,SA_0000001419,COUNTRY,AND,YEAR,EUR,Europe,SEX,2004,SEX_BTSX,,,,,,,138,138.0,,,,2013-06-11T14:15:34+02:00,2004,2004-01-01T00:00:00+01:00,2004-12-31T00:00:00+01:00,Andorra
4123763,SA_0000001419,COUNTRY,BOL,YEAR,AMR,Americas,SEX,2004,SEX_FMLE,,,,,,,341,341.0,,,,2013-06-11T14:15:34+02:00,2004,2004-01-01T00:00:00+01:00,2004-12-31T00:00:00+01:00,"Bolivia, Plurinational State of"
7851155,SA_0000001419,COUNTRY,PRY,YEAR,AMR,Americas,SEX,2004,SEX_FMLE,,,,,,,252,252.0,,,,2013-06-11T14:15:34+02:00,2004,2004-01-01T00:00:00+01:00,2004-12-31T00:00:00+01:00,Paraguay
6368056,SA_0000001419,COUNTRY,UZB,YEAR,EUR,Europe,SEX,2004,SEX_BTSX,,,,,,,77,77.0,,,,2013-06-11T14:15:34+02:00,2004,2004-01-01T00:00:00+01:00,2004-12-31T00:00:00+01:00,Uzbekistan
4719711,SA_0000001419,COUNTRY,MDG,YEAR,AFR,Africa,SEX,2004,SEX_BTSX,,,,,,,86,86.0,,,,2013-06-11T14:15:34+02:00,2004,2004-01-01T00:00:00+01:00,2004-12-31T00:00:00+01:00,Madagascar
5050177,SA_0000001419,COUNTRY,GMB,YEAR,AFR,Africa,SEX,2004,SEX_FMLE,,,,,,,108,108.0,,,,2013-06-11T14:15:34+02:00,2004,2004-01-01T00:00:00+01:00,2004-12-31T00:00:00+01:00,Gambia
1734732,SA_0000001419,COUNTRY,SLB,YEAR,WPR,Western Pacific,SEX,2004,SEX_FMLE,,,,,,,142,142.0,,,,2013-06-11T14:15:34+02:00,2004,2004-01-01T00:00:00+01:00,2004-12-31T00:00:00+01:00,Solomon Islands
1867268,SA_0000001419,COUNTRY,MAR,YEAR,EMR,Eastern Mediterranean,SEX,2004,SEX_BTSX,,,,,,,87,87.0,,,,2013-06-11T14:15:34+02:00,2004,2004-01-01T00:00:00+01:00,2004-12-31T00:00:00+01:00,Morocco
6632077,SA_0000001419,COUNTRY,COK,YEAR,WPR,Western Pacific,SEX,2004,SEX_FMLE,,,,,,,126,126.0,,,,2013-06-11T14:15:34+02:00,2004,2004-01-01T00:00:00+01:00,2004-12-31T00:00:00+01:00,Cook Islands
5056851,SA_0000001419,COUNTRY,PLW,YEAR,WPR,Western Pacific,SEX,2004,SEX_BTSX,,,,,,,138,138.0,,,,2013-06-11T14:15:34+02:00,2004,2004-01-01T00:00:00+01:00,2004-12-31T00:00:00+01:00,Palau
4283032,SA_0000001419,COUNTRY,SWZ,YEAR,AFR,Africa,SEX,2004,SEX_FMLE,,,,,,,123,123.0,,,,2013-06-11T14:15:34+02:00,2004,2004-01-01T00:00:00+01:00,2004-12-31T00:00:00+01:00,Eswatini
2892081,SA_0000001419,COUNTRY,ITA,YEAR,EUR,Europe,SEX,2004,SEX_BTSX,,,,,,,144,144.0,,,,2013-06-11T14:15:34+02:00,2004,2004-01-01T00:00:00+01:00,2004-12-31T00:00:00+01:00,Italy
6459687,SA_0000001419,COUNTRY,IRL,YEAR,EUR,Europe,SEX,2004,SEX_BTSX,,,,,,,182,182.0,,,,2013-06-11T14:15:34+02:00,2004,2004-01-01T00:00:00+01:00,2004-12-31T00:00:00+01:00,Ireland
8917124,SA_0000001419,COUNTRY,SYC,YEAR,AFR,Africa,SEX,2004,SEX_FMLE,,,,,,,197,197.0,,,,2013-06-11T14:15:34+02:00,2004,2004-01-01T00:00:00+01:00,2004-12-31T00:00:00+01:00,Seychelles
8930445,SA_0000001419,COUNTRY,BLZ,YEAR,AMR,Americas,SEX,2004,SEX_MLE,,,,,,,4,,,,,2013-06-11T14:15:34+02:00,2004,2004-01-01T00:00:00+01:00,2004-12-31T00:00:00+01:00,Belize
2271013,SA_0000001419,COUNTRY,MRT,YEAR,AFR,Africa,SEX,2004,SEX_FMLE,,,,,,,312,312.0,,,,2013-06-11T14:15:34+02:00,2004,2004-01-01T00:00:00+01:00,2004-12-31T00:00:00+01:00,Mauritania
3785789,SA_0000001419,COUNTRY,LSO,YEAR,AFR,Africa,SEX,2004,SEX_FMLE,,,,,,,75,75.0,,,,2013-06-11T14:15:34+02:00,2004,2004-01-01T00:00:00+01:00,2004-12-31T00:00:00+01:00,Lesotho
9062657,SA_0000001419,COUNTRY,AZE,YEAR,EUR,Europe,SEX,2004,SEX_FMLE,,,,,,,284,284.0,,,,2013-06-11T14:15:34+02:00,2004,2004-01-01T00:00:00+01:00,2004-12-31T00:00:00+01:00,Azerbaijan
7406371,SA_0000001419,COUNTRY,DOM,YEAR,AMR,Americas,SEX,2004,SEX_BTSX,,,,,,,164,164.0,,,,2013-06-11T14:15:34+02:00,2004,2004-01-01T00:00:00+01:00,2004-12-31T00:00:00+01:00,Dominican Republic
578787,SA_0000001419,COUNTRY,KAZ,YEAR,EUR,Europe,SEX,2004,SEX_FMLE,,,,,,,294,294.0,,,,2013-06-11T14:15:34+02:00,2004,2004-01-01T00:00:00+01:00,2004-12-31T00:00:00+01:00,Kazakhstan
2898760,SA_0000001419,COUNTRY,TZA,YEAR,AFR,Africa,SEX,2004,SEX_BTSX,,,,,,,112,112.0,,,,2013-06-11T14:15:34+02:00,2004,2004-01-01T00:00:00+01:00,2004-12-31T00:00:00+01:00,"Tanzania, United Republic of"
9721960,SA_0000001419,COUNTRY,SMR,YEAR,EUR,Europe,SEX,2004,SEX_BTSX,,,,,,,87,87.0,,,,2013-06-11T14:15:34+02:00,2004,2004-01-01T00:00:00+01:00,2004-12-31T00:00:00+01:00,San Marino
3938535,SA_0000001419,COUNTRY,EGY,YEAR,EMR,Eastern Mediterranean,SEX,2004,SEX_FMLE,,,,,,,251,251.0,,,,2013-06-11T14:15:34+02:00,2004,2004-01-01T00:00:00+01:00,2004-12-31T00:00:00+01:00,Egypt
4713281,SA_0000001419,COUNTRY,JPN,YEAR,WPR,Western Pacific,SEX,2004,SEX_FMLE,,,,,,,178,178.0,,,,2013-06-11T14:15:34+02:00,2004,2004-01-01T00:00:00+01:00,2004-12-31T00:00:00+01:00,Japan
3455710,SA_0000001419,COUNTRY,THA,YEAR,SEAR,South-East Asia,SEX,2004,SEX_FMLE,,,,,,,169,169.0,,,,2013-06-11T14:15:34+02:00,2004,2004-01-01T00:00:00+01:00,2004-12-31T00:00:00+01:00,Thailand
5149549,SA_0000001419,COUNTRY,CRI,YEAR,AMR,Americas,SEX,2004,SEX_FMLE,,,,,,,188,188.0,,,,2013-06-11T14:15:34+02:00,2004,2004-01-01T00:00:00+01:00,2004-12-31T00:00:00+01:00,Costa Rica
6810969,SA_0000001419,COUNTRY,ATG,YEAR,AMR,Americas,SEX,2004,SEX_FMLE,,,,,,,549,549.0,,,,2013-06-11T14:15:34+02:00,2004,2004-01-01T00:00:00+01:00,2004-12-31T00:00:00+01:00,Antigua and Barbuda
3925383,SA_0000001419,COUNTRY,COD,YEAR,AFR,Africa,SEX,2004,SEX_BTSX,,,,,,,64,64.0,,,,2013-06-11T14:15:34+02:00,2004,2004-01-01T00:00:00+01:00,2004-12-31T00:00:00+01:00,"Congo, The Democratic Republic of the"
4633973,SA_0000001419,COUNTRY,CPV,YEAR,AFR,Africa,SEX,2004,SEX_FMLE,,,,,,,229,229.0,,,,2013-06-11T14:15:34+02:00,2004,2004-01-01T00:00:00+01:00,2004-12-31T00:00:00+01:00,Cabo Verde
6459849,SA_0000001419,COUNTRY,LBY,YEAR,EMR,Eastern Mediterranean,SEX,2004,SEX_FMLE,,,,,,,214,214.0,,,,2013-06-11T14:15:34+02:00,2004,2004-01-01T00:00:00+01:00,2004-12-31T00:00:00+01:00,Libya
4455734,SA_0000001419,COUNTRY,AUS,YEAR,WPR,Western Pacific,SEX,2004,SEX_MLE,,,,,,,1,,,,,2013-06-11T14:15:34+02:00,2004,2004-01-01T00:00:00+01:00,2004-12-31T00:00:00+01:00,Australia
9450268,SA_0000001419,COUNTRY,MDA,YEAR,EUR,Europe,SEX,2004,SEX_MLE,,,,,,,7,,,,,2013-06-11T14:15:34+02:00,2004,2004-01-01T00:00:00+01:00,2004-12-31T00:00:00+01:00,"Moldova, Republic of"
8480098,SA_0000001419,COUNTRY,MHL,YEAR,WPR,Western Pacific,SEX,2004,SEX_MLE,,,,,,,14,14.0,,,,2013-06-11T14:15:34+02:00,2004,2004-01-01T00:00:00+01:00,2004-12-31T00:00:00+01:00,Marshall Islands
8241859,SA_0000001419,COUNTRY,CYP,YEAR,EUR,Europe,SEX,2004,SEX_FMLE,,,,,,,229,229.0,,,,2013-06-11T14:15:34+02:00,2004,2004-01-01T00:00:00+01:00,2004-12-31T00:00:00+01:00,Cyprus
4931950,SA_0000001419,COUNTRY,LCA,YEAR,AMR,Americas,SEX,2004,SEX_BTSX,,,,,,,151,151.0,,,,2013-06-11T14:15:34+02:00,2004,2004-01-01T00:00:00+01:00,2004-12-31T00:00:00+01:00,Saint Lucia
3766355,SA_0000001419,COUNTRY,CMR,YEAR,AFR,Africa,SEX,2004,SEX_BTSX,,,,,,,192,192.0,,,,2013-06-11T14:15:34+02:00,2004,2004-01-01T00:00:00+01:00,2004-12-31T00:00:00+01:00,Cameroon
5632748,SA_0000001419,COUNTRY,BTN,YEAR,SEAR,South-East Asia,SEX,2004,SEX_FMLE,,,,,,,166,166.0,,,,2013-06-11T14:15:34+02:00,2004,2004-01-01T00:00:00+01:00,2004-12-31T00:00:00+01:00,Bhutan
7406602,SA_0000001419,COUNTRY,ROU,YEAR,EUR,Europe,SEX,2004,SEX_BTSX,,,,,,,135,135.0,,,,2013-06-11T14:15:34+02:00,2004,2004-01-01T00:00:00+01:00,2004-12-31T00:00:00+01:00,Romania
7479612,SA_0000001419,COUNTRY,JAM,YEAR,AMR,Americas,SEX,2004,SEX_BTSX,,,,,,,173,173.0,,,,2013-06-11T14:15:34+02:00,2004,2004-01-01T00:00:00+01:00,2004-12-31T00:00:00+01:00,Jamaica
2482776,SA_0000001419,COUNTRY,MDV,YEAR,SEAR,South-East Asia,SEX,2004,SEX_FMLE,,,,,,,181,181.0,,,,2013-06-11T14:15:34+02:00,2004,2004-01-01T00:00:00+01:00,2004-12-31T00:00:00+01:00,Maldives
6255888,SA_0000001419,COUNTRY,LTU,YEAR,EUR,Europe,SEX,2004,SEX_MLE,,,,,,,1,,,,,2013-06-11T14:15:34+02:00,2004,2004-01-01T00:00:00+01:00,2004-12-31T00:00:00+01:00,Lithuania
6632417,SA_0000001419,COUNTRY,TCD,YEAR,AFR,Africa,SEX,2004,SEX_FMLE,,,,,,,210,210.0,,,,2013-06-11T14:15:34+02:00,2004,2004-01-01T00:00:00+01:00,2004-12-31T00:00:00+01:00,Chad
7075698,SA_0000001419,COUNTRY,ECU,YEAR,AMR,Americas,SEX,2004,SEX_FMLE,,,,,,,168,168.0,,,,2013-06-11T14:15:34+02:00,2004,2004-01-01T00:00:00+01:00,2004-12-31T00:00:00+01:00,Ecuador
2258042,SA_0000001419,COUNTRY,QAT,YEAR,EMR,Eastern Mediterranean,SEX,2004,SEX_FMLE,,,,,,,101,101.0,,,,2013-06-11T14:15:34+02:00,2004,2004-01-01T00:00:00+01:00,2004-12-31T00:00:00+01:00,Qatar
4296678,SA_0000001419,COUNTRY,UKR,YEAR,EUR,Europe,SEX,2004,SEX_BTSX,,,,,,,166,166.0,,,,2013-06-11T14:15:34+02:00,2004,2004-01-01T00:00:00+01:00,2004-12-31T00:00:00+01:00,Ukraine
3971972,SA_0000001419,COUNTRY,DJI,YEAR,EMR,Eastern Mediterranean,SEX,2004,SEX_BTSX,,,,,,,87,87.0,,,,2013-06-11T14:15:34+02:00,2004,2004-01-01T00:00:00+01:00,2004-12-31T00:00:00+01:00,Djibouti
7546089,SA_0000001419,COUNTRY,AUT,YEAR,EUR,Europe,SEX,2004,SEX_FMLE,,,,,,,259,259.0,,,,2013-06-11T14:15:34+02:00,2004,2004-01-01T00:00:00+01:00,2004-12-31T00:00:00+01:00,Austria
7818477,SA_0000001419,COUNTRY,UGA,YEAR,AFR,Africa,SEX,2004,SEX_FMLE,,,,,,,149,149.0,,,,2013-06-11T14:15:34+02:00,2004,2004-01-01T00:00:00+01:00,2004-12-31T00:00:00+01:00,Uganda
6420205,SA_0000001419,COUNTRY,SVK,YEAR,EUR,Europe,SEX,2004,SEX_BTSX,,,,,,,134,134.0,,,,2013-06-11T14:15:34+02:00,2004,2004-01-01T00:00:00+01:00,2004-12-31T00:00:00+01:00,Slovakia
4878806,SA_0000001419,COUNTRY,PLW,YEAR,WPR,Western Pacific,SEX,2004,SEX_MLE,,,,,,,7,,,,,2013-06-11T14:15:34+02:00,2004,2004-01-01T00:00:00+01:00,2004-12-31T00:00:00+01:00,Palau
7672301,SA_0000001419,COUNTRY,FJI,YEAR,WPR,Western Pacific,SEX,2004,SEX_BTSX,,,,,,,139,139.0,,,,2013-06-11T14:15:34+02:00,2004,2004-01-01T00:00:00+01:00,2004-12-31T00:00:00+01:00,Fiji
9351142,SA_0000001419,COUNTRY,CIV,YEAR,AFR,Africa,SEX,2004,SEX_FMLE,,,,,,,438,438.0,,,,2013-06-11T14:15:34+02:00,2004,2004-01-01T00:00:00+01:00,2004-12-31T00:00:00+01:00,CÃ´te d'Ivoire
7393704,SA_0000001419,COUNTRY,MDA,YEAR,EUR,Europe,SEX,2004,SEX_FMLE,,,,,,,281,281.0,,,,2013-06-11T14:15:34+02:00,2004,2004-01-01T00:00:00+01:00,2004-12-31T00:00:00+01:00,"Moldova, Republic of"
783423,SA_0000001419,COUNTRY,KIR,YEAR,WPR,Western Pacific,SEX,2004,SEX_FMLE,,,,,,,312,312.0,,,,2013-06-11T14:15:34+02:00,2004,2004-01-01T00:00:00+01:00,2004-12-31T00:00:00+01:00,Kiribati
1543843,SA_0000001419,COUNTRY,NRU,YEAR,WPR,Western Pacific,SEX,2004,SEX_BTSX,,,,,,,155,155.0,,,,2013-06-11T14:15:34+02:00,2004,2004-01-01T00:00:00+01:00,2004-12-31T00:00:00+01:00,Nauru
6645841,SA_0000001419,COUNTRY,CAF,YEAR,AFR,Africa,SEX,2004,SEX_BTSX,,,,,,,104,104.0,,,,2013-06-11T14:15:34+02:00,2004,2004-01-01T00:00:00+01:00,2004-12-31T00:00:00+01:00,Central African Republic
5136677,SA_0000001419,COUNTRY,LVA,YEAR,EUR,Europe,SEX,2004,SEX_BTSX,,,,,,,169,169.0,,,,2013-06-11T14:15:34+02:00,2004,2004-01-01T00:00:00+01:00,2004-12-31T00:00:00+01:00,Latvia
7188343,SA_0000001419,COUNTRY,DZA,YEAR,AFR,Africa,SEX,2004,SEX_FMLE,,,,,,,212,212.0,,,,2013-06-11T14:15:34+02:00,2004,2004-01-01T00:00:00+01:00,2004-12-31T00:00:00+01:00,Algeria
1034946,SA_0000001419,COUNTRY,JPN,YEAR,WPR,Western Pacific,SEX,2004,SEX_BTSX,,,,,,,90,90.0,,,,2013-06-11T14:15:34+02:00,2004,2004-01-01T00:00:00+01:00,2004-12-31T00:00:00+01:00,Japan
6976541,SA_0000001419,COUNTRY,ROU,YEAR,EUR,Europe,SEX,2004,SEX_MLE,,,,,,,3,,,,,2013-06-11T14:15:34+02:00,2004,2004-01-01T00:00:00+01:00,2004-12-31T00:00:00+01:00,Romania
4283516,SA_0000001419,COUNTRY,AUS,YEAR,WPR,Western Pacific,SEX,2004,SEX_FMLE,,,,,,,337,337.0,,,,2013-06-11T14:15:34+02:00,2004,2004-01-01T00:00:00+01:00,2004-12-31T00:00:00+01:00,Australia
4640958,SA_0000001419,COUNTRY,NLD,YEAR,EUR,Europe,SEX,2004,SEX_FMLE,,,,,,,383,383.0,,,,2013-06-11T14:15:34+02:00,2004,2004-01-01T00:00:00+01:00,2004-12-31T00:00:00+01:00,Netherlands
4024861,SA_0000001419,COUNTRY,POL,YEAR,EUR,Europe,SEX,2004,SEX_FMLE,,,,,,,256,256.0,,,,2013-06-11T14:15:34+02:00,2004,2004-01-01T00:00:00+01:00,2004-12-31T00:00:00+01:00,Poland
5924654,SA_0000001419,COUNTRY,GIN,YEAR,AFR,Africa,SEX,2004,SEX_FMLE,,,,,,,195,195.0,,,,2013-06-11T14:15:34+02:00,2004,2004-01-01T00:00:00+01:00,2004-12-31T00:00:00+01:00,Guinea
6506754,SA_0000001419,COUNTRY,LKA,YEAR,SEAR,South-East Asia,SEX,2004,SEX_FMLE,,,,,,,250,250.0,,,,2013-06-11T14:15:34+02:00,2004,2004-01-01T00:00:00+01:00,2004-12-31T00:00:00+01:00,Sri Lanka
2370611,SA_0000001419,COUNTRY,PNG,YEAR,WPR,Western Pacific,SEX,2004,SEX_FMLE,,,,,,,132,132.0,,,,2013-06-11T14:15:34+02:00,2004,2004-01-01T00:00:00+01:00,2004-12-31T00:00:00+01:00,Papua New Guinea
2773462,SA_0000001419,COUNTRY,ISR,YEAR,EUR,Europe,SEX,2004,SEX_MLE,,,,,,,1,,,,,2013-06-11T14:15:34+02:00,2004,2004-01-01T00:00:00+01:00,2004-12-31T00:00:00+01:00,Israel
3720622,SA_0000001419,COUNTRY,PAN,YEAR,AMR,Americas,SEX,2004,SEX_FMLE,,,,,,,207,207.0,,,,2013-06-11T14:15:34+02:00,2004,2004-01-01T00:00:00+01:00,2004-12-31T00:00:00+01:00,Panama
1226703,SA_0000001419,COUNTRY,UZB,YEAR,EUR,Europe,SEX,2004,SEX_FMLE,,,,,,,148,148.0,,,,2013-06-11T14:15:34+02:00,2004,2004-01-01T00:00:00+01:00,2004-12-31T00:00:00+01:00,Uzbekistan
7719031,SA_0000001419,COUNTRY,NLD,YEAR,EUR,Europe,SEX,2004,SEX_BTSX,,,,,,,195,195.0,,,,2013-06-11T14:15:34+02:00,2004,2004-01-01T00:00:00+01:00,2004-12-31T00:00:00+01:00,Netherlands
5296009,SA_0000001419,COUNTRY,KOR,YEAR,WPR,Western Pacific,SEX,2004,SEX_BTSX,,,,,,,51,51.0,,,,2013-06-11T14:15:34+02:00,2004,2004-01-01T00:00:00+01:00,2004-12-31T00:00:00+01:00,"Korea, Republic of"
9371323,SA_0000001419,COUNTRY,HRV,YEAR,EUR,Europe,SEX,2004,SEX_MLE,,,,,,,5,,,,,2013-06-11T14:15:34+02:00,2004,2004-01-01T00:00:00+01:00,2004-12-31T00:00:00+01:00,Croatia
8189316,SA_0000001419,COUNTRY,IND,YEAR,SEAR,South-East Asia,SEX,2004,SEX_FMLE,,,,,,,162,162.0,,,,2013-06-11T14:15:34+02:00,2004,2004-01-01T00:00:00+01:00,2004-12-31T00:00:00+01:00,India
4098080,SA_0000001419,COUNTRY,BHS,YEAR,AMR,Americas,SEX,2004,SEX_FMLE,,,,,,,416,416.0,,,,2013-06-11T14:15:34+02:00,2004,2004-01-01T00:00:00+01:00,2004-12-31T00:00:00+01:00,Bahamas
4396675,SA_0000001419,COUNTRY,CRI,YEAR,AMR,Americas,SEX,2004,SEX_BTSX,,,,,,,96,96.0,,,,2013-06-11T14:15:34+02:00,2004,2004-01-01T00:00:00+01:00,2004-12-31T00:00:00+01:00,Costa Rica
1365720,SA_0000001419,COUNTRY,BIH,YEAR,EUR,Europe,SEX,2004,SEX_BTSX,,,,,,,124,124.0,,,,2013-06-11T14:15:34+02:00,2004,2004-01-01T00:00:00+01:00,2004-12-31T00:00:00+01:00,Bosnia and Herzegovina
2853274,SA_0000001419,COUNTRY,KAZ,YEAR,EUR,Europe,SEX,2004,SEX_BTSX,,,,,,,165,165.0,,,,2013-06-11T14:15:34+02:00,2004,2004-01-01T00:00:00+01:00,2004-12-31T00:00:00+01:00,Kazakhstan
7281290,SA_0000001419,COUNTRY,VNM,YEAR,WPR,Western Pacific,SEX,2004,SEX_FMLE,,,,,,,139,139.0,,,,2013-06-11T14:15:34+02:00,2004,2004-01-01T00:00:00+01:00,2004-12-31T00:00:00+01:00,Viet Nam
9250628,SA_0000001419,COUNTRY,ESP,YEAR,EUR,Europe,SEX,2004,SEX_FMLE,,,,,,,237,237.0,,,,2013-06-11T14:15:34+02:00,2004,2004-01-01T00:00:00+01:00,2004-12-31T00:00:00+01:00,Spain
6646156,SA_0000001419,COUNTRY,KWT,YEAR,EMR,Eastern Mediterranean,SEX,2004,SEX_BTSX,,,,,,,63,63.0,,,,2013-06-11T14:15:34+02:00,2004,2004-01-01T00:00:00+01:00,2004-12-31T00:00:00+01:00,Kuwait
8964335,SA_0000001419,COUNTRY,MOZ,YEAR,AFR,Africa,SEX,2004,SEX_BTSX,,,,,,,17,17.0,,,,2013-06-11T14:15:34+02:00,2004,2004-01-01T00:00:00+01:00,2004-12-31T00:00:00+01:00,Mozambique
2700660,SA_0000001419,COUNTRY,GMB,YEAR,AFR,Africa,SEX,2004,SEX_BTSX,,,,,,,55,55.0,,,,2013-06-11T14:15:34+02:00,2004,2004-01-01T00:00:00+01:00,2004-12-31T00:00:00+01:00,Gambia
4700933,SA_0000001419,COUNTRY,SWE,YEAR,EUR,Europe,SEX,2004,SEX_BTSX,,,,,,,117,117.0,,,,2013-06-11T14:15:34+02:00,2004,2004-01-01T00:00:00+01:00,2004-12-31T00:00:00+01:00,Sweden
1365797,SA_0000001419,COUNTRY,MLT,YEAR,EUR,Europe,SEX,2004,SEX_MLE,,,,,,,4,,,,,2013-06-11T14:15:34+02:00,2004,2004-01-01T00:00:00+01:00,2004-12-31T00:00:00+01:00,Malta
8898069,SA_0000001419,COUNTRY,MLT,YEAR,EUR,Europe,SEX,2004,SEX_BTSX,,,,,,,161,161.0,,,,2013-06-11T14:15:34+02:00,2004,2004-01-01T00:00:00+01:00,2004-12-31T00:00:00+01:00,Malta
5289583,SA_0000001419,COUNTRY,VEN,YEAR,AMR,Americas,SEX,2004,SEX_BTSX,,,,,,,116,116.0,,,,2013-06-11T14:15:34+02:00,2004,2004-01-01T00:00:00+01:00,2004-12-31T00:00:00+01:00,"Venezuela, Bolivarian Republic of"
6380932,SA_0000001419,COUNTRY,VEN,YEAR,AMR,Americas,SEX,2004,SEX_MLE,,,,,,,1,,,,,2013-06-11T14:15:34+02:00,2004,2004-01-01T00:00:00+01:00,2004-12-31T00:00:00+01:00,"Venezuela, Bolivarian Republic of"
1557639,SA_0000001419,COUNTRY,BGR,YEAR,EUR,Europe,SEX,2004,SEX_FMLE,,,,,,,241,241.0,,,,2013-06-11T14:15:34+02:00,2004,2004-01-01T00:00:00+01:00,2004-12-31T00:00:00+01:00,Bulgaria
2760592,SA_0000001419,COUNTRY,BEN,YEAR,AFR,Africa,SEX,2004,SEX_BTSX,,,,,,,204,204.0,,,,2013-06-11T14:15:34+02:00,2004,2004-01-01T00:00:00+01:00,2004-12-31T00:00:00+01:00,Benin
122747,SA_0000001419,COUNTRY,CHL,YEAR,AMR,Americas,SEX,2004,SEX_FMLE,,,,,,,166,166.0,,,,2013-06-11T14:15:34+02:00,2004,2004-01-01T00:00:00+01:00,2004-12-31T00:00:00+01:00,Chile
8163499,SA_0000001419,COUNTRY,CHE,YEAR,EUR,Europe,SEX,2004,SEX_MLE,,,,,,,1,,,,,2013-06-11T14:15:34+02:00,2004,2004-01-01T00:00:00+01:00,2004-12-31T00:00:00+01:00,Switzerland
527267,SA_0000001419,COUNTRY,GRD,YEAR,AMR,Americas,SEX,2004,SEX_MLE,,,,,,,3,,,,,2013-06-11T14:15:34+02:00,2004,2004-01-01T00:00:00+01:00,2004-12-31T00:00:00+01:00,Grenada
7546762,SA_0000001419,COUNTRY,TUN,YEAR,EMR,Eastern Mediterranean,SEX,2004,SEX_FMLE,,,,,,,122,122.0,,,,2013-06-11T14:15:34+02:00,2004,2004-01-01T00:00:00+01:00,2004-12-31T00:00:00+01:00,Tunisia
1478222,SA_0000001419,COUNTRY,FIN,YEAR,EUR,Europe,SEX,2004,SEX_BTSX,,,,,,,126,126.0,,,,2013-06-11T14:15:34+02:00,2004,2004-01-01T00:00:00+01:00,2004-12-31T00:00:00+01:00,Finland
2648846,SA_0000001419,COUNTRY,NAM,YEAR,AFR,Africa,SEX,2004,SEX_BTSX,,,,,,,81,81.0,,,,2013-06-11T14:15:34+02:00,2004,2004-01-01T00:00:00+01:00,2004-12-31T00:00:00+01:00,Namibia
1616977,SA_0000001419,COUNTRY,MLI,YEAR,AFR,Africa,SEX,2004,SEX_BTSX,,,,,,,133,133.0,,,,2013-06-11T14:15:34+02:00,2004,2004-01-01T00:00:00+01:00,2004-12-31T00:00:00+01:00,Mali
903045,SA_0000001419,COUNTRY,KNA,YEAR,AMR,Americas,SEX,2004,SEX_FMLE,,,,,,,348,348.0,,,,2013-06-11T14:15:34+02:00,2004,2004-01-01T00:00:00+01:00,2004-12-31T00:00:00+01:00,Saint Kitts and Nevis
235804,SA_0000001419,COUNTRY,SDN,YEAR,EMR,Eastern Mediterranean,SEX,2004,SEX_FMLE,,,,,,,347,347.0,,,,2013-06-11T14:15:34+02:00,2004,2004-01-01T00:00:00+01:00,2004-12-31T00:00:00+01:00,Sudan
962845,SA_0000001419,COUNTRY,PRY,YEAR,AMR,Americas,SEX,2004,SEX_BTSX,,,,,,,126,126.0,,,,2013-06-11T14:15:34+02:00,2004,2004-01-01T00:00:00+01:00,2004-12-31T00:00:00+01:00,Paraguay
4522836,SA_0000001419,COUNTRY,NIC,YEAR,AMR,Americas,SEX,2004,SEX_BTSX,,,,,,,112,112.0,,,,2013-06-11T14:15:34+02:00,2004,2004-01-01T00:00:00+01:00,2004-12-31T00:00:00+01:00,Nicaragua
3211267,SA_0000001419,COUNTRY,FJI,YEAR,WPR,Western Pacific,SEX,2004,SEX_FMLE,,,,,,,273,273.0,,,,2013-06-11T14:15:34+02:00,2004,2004-01-01T00:00:00+01:00,2004-12-31T00:00:00+01:00,Fiji
375170,SA_0000001419,COUNTRY,VCT,YEAR,AMR,Americas,SEX,2004,SEX_MLE,,,,,,,4,,,,,2013-06-11T14:15:34+02:00,2004,2004-01-01T00:00:00+01:00,2004-12-31T00:00:00+01:00,Saint Vincent and the Grenadines
9351860,SA_0000001419,COUNTRY,GRC,YEAR,EUR,Europe,SEX,2004,SEX_BTSX,,,,,,,142,142.0,,,,2013-06-11T14:15:34+02:00,2004,2004-01-01T00:00:00+01:00,2004-12-31T00:00:00+01:00,Greece
7169339,SA_0000001419,COUNTRY,THA,YEAR,SEAR,South-East Asia,SEX,2004,SEX_BTSX,,,,,,,89,89.0,,,,2013-06-11T14:15:34+02:00,2004,2004-01-01T00:00:00+01:00,2004-12-31T00:00:00+01:00,Thailand
6659826,SA_0000001419,COUNTRY,BEN,YEAR,AFR,Africa,SEX,2004,SEX_FMLE,,,,,,,385,385.0,,,,2013-06-11T14:15:34+02:00,2004,2004-01-01T00:00:00+01:00,2004-12-31T00:00:00+01:00,Benin
5190445,SA_0000001419,COUNTRY,GRD,YEAR,AMR,Americas,SEX,2004,SEX_BTSX,,,,,,,225,225.0,,,,2013-06-11T14:15:34+02:00,2004,2004-01-01T00:00:00+01:00,2004-12-31T00:00:00+01:00,Grenada
4264400,SA_0000001419,COUNTRY,YEM,YEAR,EMR,Eastern Mediterranean,SEX,2004,SEX_BTSX,,,,,,,184,184.0,,,,2013-06-11T14:15:34+02:00,2004,2004-01-01T00:00:00+01:00,2004-12-31T00:00:00+01:00,Yemen
5971747,SA_0000001419,COUNTRY,RUS,YEAR,EUR,Europe,SEX,2004,SEX_BTSX,,,,,,,176,176.0,,,,2013-06-11T14:15:34+02:00,2004,2004-01-01T00:00:00+01:00,2004-12-31T00:00:00+01:00,Russian Federation
1009254,SA_0000001419,COUNTRY,TUV,YEAR,WPR,Western Pacific,SEX,2004,SEX_MLE,,,,,,,12,12.0,,,,2013-06-11T14:15:34+02:00,2004,2004-01-01T00:00:00+01:00,2004-12-31T00:00:00+01:00,Tuvalu
1141423,SA_0000001419,COUNTRY,ARG,YEAR,AMR,Americas,SEX,2004,SEX_MLE,,,,,,,2,,,,,2013-06-11T14:15:34+02:00,2004,2004-01-01T00:00:00+01:00,2004-12-31T00:00:00+01:00,Argentina
1406029,SA_0000001419,COUNTRY,TKM,YEAR,EUR,Europe,SEX,2004,SEX_FMLE,,,,,,,135,135.0,,,,2013-06-11T14:15:34+02:00,2004,2004-01-01T00:00:00+01:00,2004-12-31T00:00:00+01:00,Turkmenistan
7162773,SA_0000001419,COUNTRY,TUR,YEAR,EUR,Europe,SEX,2004,SEX_FMLE,,,,,,,192,192.0,,,,2013-06-11T14:15:34+02:00,2004,2004-01-01T00:00:00+01:00,2004-12-31T00:00:00+01:00,TÃ¼rkiye
4437150,SA_0000001419,COUNTRY,WSM,YEAR,WPR,Western Pacific,SEX,2004,SEX_FMLE,,,,,,,300,300.0,,,,2013-06-11T14:15:34+02:00,2004,2004-01-01T00:00:00+01:00,2004-12-31T00:00:00+01:00,Samoa
4556053,SA_0000001419,COUNTRY,MHL,YEAR,WPR,Western Pacific,SEX,2004,SEX_BTSX,,,,,,,189,189.0,,,,2013-06-11T14:15:34+02:00,2004,2004-01-01T00:00:00+01:00,2004-12-31T00:00:00+01:00,Marshall Islands
639488,SA_0000001419,COUNTRY,SWE,YEAR,EUR,Europe,SEX,2004,SEX_MLE,,,,,,,2,,,,,2013-06-11T14:15:34+02:00,2004,2004-01-01T00:00:00+01:00,2004-12-31T00:00:00+01:00,Sweden
6765602,SA_0000001419,COUNTRY,KHM,YEAR,WPR,Western Pacific,SEX,2004,SEX_FMLE,,,,,,,342,342.0,,,,2013-06-11T14:15:34+02:00,2004,2004-01-01T00:00:00+01:00,2004-12-31T00:00:00+01:00,Cambodia
4456874,SA_0000001419,COUNTRY,TLS,YEAR,SEAR,South-East Asia,SEX,2004,SEX_FMLE,,,,,,,218,218.0,,,,2013-06-11T14:15:34+02:00,2004,2004-01-01T00:00:00+01:00,2004-12-31T00:00:00+01:00,Timor-Leste
4694859,SA_0000001419,COUNTRY,GHA,YEAR,AFR,Africa,SEX,2004,SEX_FMLE,,,,,,,306,306.0,,,,2013-06-11T14:15:34+02:00,2004,2004-01-01T00:00:00+01:00,2004-12-31T00:00:00+01:00,Ghana
7467408,SA_0000001419,COUNTRY,LUX,YEAR,EUR,Europe,SEX,2004,SEX_FMLE,,,,,,,294,294.0,,,,2013-06-11T14:15:34+02:00,2004,2004-01-01T00:00:00+01:00,2004-12-31T00:00:00+01:00,Luxembourg
4621947,SA_0000001419,COUNTRY,KOR,YEAR,WPR,Western Pacific,SEX,2004,SEX_MLE,,,,,,,1,,,,,2013-06-11T14:15:34+02:00,2004,2004-01-01T00:00:00+01:00,2004-12-31T00:00:00+01:00,"Korea, Republic of"
6990730,SA_0000001419,COUNTRY,MHL,YEAR,WPR,Western Pacific,SEX,2004,SEX_FMLE,,,,,,,365,365.0,,,,2013-06-11T14:15:34+02:00,2004,2004-01-01T00:00:00+01:00,2004-12-31T00:00:00+01:00,Marshall Islands
3039165,SA_0000001419,COUNTRY,CZE,YEAR,EUR,Europe,SEX,2004,SEX_BTSX,,,,,,,141,141.0,,,,2013-06-11T14:15:34+02:00,2004,2004-01-01T00:00:00+01:00,2004-12-31T00:00:00+01:00,Czechia
7202388,SA_0000001419,COUNTRY,BDI,YEAR,AFR,Africa,SEX,2004,SEX_BTSX,,,,,,,105,105.0,,,,2013-06-11T14:15:34+02:00,2004,2004-01-01T00:00:00+01:00,2004-12-31T00:00:00+01:00,Burundi
4588982,SA_0000001419,COUNTRY,TCD,YEAR,AFR,Africa,SEX,2004,SEX_BTSX,,,,,,,111,111.0,,,,2013-06-11T14:15:34+02:00,2004,2004-01-01T00:00:00+01:00,2004-12-31T00:00:00+01:00,Chad
401828,SA_0000001419,COUNTRY,CHN,YEAR,WPR,Western Pacific,SEX,2004,SEX_BTSX,,,,,,,68,68.0,,,,2013-06-11T14:15:34+02:00,2004,2004-01-01T00:00:00+01:00,2004-12-31T00:00:00+01:00,China
24247,SA_0000001419,COUNTRY,CHL,YEAR,AMR,Americas,SEX,2004,SEX_BTSX,,,,,,,87,87.0,,,,2013-06-11T14:15:34+02:00,2004,2004-01-01T00:00:00+01:00,2004-12-31T00:00:00+01:00,Chile
8898694,SA_0000001419,COUNTRY,ITA,YEAR,EUR,Europe,SEX,2004,SEX_FMLE,,,,,,,277,277.0,,,,2013-06-11T14:15:34+02:00,2004,2004-01-01T00:00:00+01:00,2004-12-31T00:00:00+01:00,Italy
1313527,SA_0000001419,COUNTRY,BDI,YEAR,AFR,Africa,SEX,2004,SEX_FMLE,,,,,,,185,185.0,,,,2013-06-11T14:15:34+02:00,2004,2004-01-01T00:00:00+01:00,2004-12-31T00:00:00+01:00,Burundi
4450598,SA_0000001419,COUNTRY,AUS,YEAR,WPR,Western Pacific,SEX,2004,SEX_BTSX,,,,,,,171,171.0,,,,2013-06-11T14:15:34+02:00,2004,2004-01-01T00:00:00+01:00,2004-12-31T00:00:00+01:00,Australia
5521482,SA_0000001419,COUNTRY,MMR,YEAR,SEAR,South-East Asia,SEX,2004,SEX_FMLE,,,,,,,177,177.0,,,,2013-06-11T14:15:34+02:00,2004,2004-01-01T00:00:00+01:00,2004-12-31T00:00:00+01:00,Myanmar
738432,SA_0000001419,COUNTRY,MKD,YEAR,EUR,Europe,SEX,2004,SEX_FMLE,,,,,,,290,290.0,,,,2013-06-11T14:15:34+02:00,2004,2004-01-01T00:00:00+01:00,2004-12-31T00:00:00+01:00,North Macedonia
5025369,SA_0000001419,COUNTRY,UKR,YEAR,EUR,Europe,SEX,2004,SEX_FMLE,,,,,,,298,298.0,,,,2013-06-11T14:15:34+02:00,2004,2004-01-01T00:00:00+01:00,2004-12-31T00:00:00+01:00,Ukraine
6885131,SA_0000001419,COUNTRY,LVA,YEAR,EUR,Europe,SEX,2004,SEX_FMLE,,,,,,,304,304.0,,,,2013-06-11T14:15:34+02:00,2004,2004-01-01T00:00:00+01:00,2004-12-31T00:00:00+01:00,Latvia
4145316,SA_0000001419,COUNTRY,HUN,YEAR,EUR,Europe,SEX,2004,SEX_FMLE,,,,,,,302,302.0,,,,2013-06-11T14:15:34+02:00,2004,2004-01-01T00:00:00+01:00,2004-12-31T00:00:00+01:00,Hungary
936775,SA_0000001419,COUNTRY,SLV,YEAR,AMR,Americas,SEX,2004,SEX_BTSX,,,,,,,54,54.0,,,,2013-06-11T14:15:34+02:00,2004,2004-01-01T00:00:00+01:00,2004-12-31T00:00:00+01:00,El Salvador
1413061,SA_0000001419,COUNTRY,PHL,YEAR,WPR,Western Pacific,SEX,2004,SEX_FMLE,,,,,,,290,290.0,,,,2013-06-11T14:15:34+02:00,2004,2004-01-01T00:00:00+01:00,2004-12-31T00:00:00+01:00,Philippines
4006129,SA_0000001419,COUNTRY,KGZ,YEAR,EUR,Europe,SEX,2004,SEX_FMLE,,,,,,,195,195.0,,,,2013-06-11T14:15:34+02:00,2004,2004-01-01T00:00:00+01:00,2004-12-31T00:00:00+01:00,Kyrgyzstan
5766708,SA_0000001419,COUNTRY,CUB,YEAR,AMR,Americas,SEX,2004,SEX_BTSX,,,,,,,108,108.0,,,,2013-06-11T14:15:34+02:00,2004,2004-01-01T00:00:00+01:00,2004-12-31T00:00:00+01:00,Cuba
7242513,SA_0000001419,COUNTRY,ERI,YEAR,AFR,Africa,SEX,2004,SEX_FMLE,,,,,,,127,127.0,,,,2013-06-11T14:15:34+02:00,2004,2004-01-01T00:00:00+01:00,2004-12-31T00:00:00+01:00,Eritrea
2714866,SA_0000001419,COUNTRY,OMN,YEAR,EMR,Eastern Mediterranean,SEX,2004,SEX_BTSX,,,,,,,66,66.0,,,,2013-06-11T14:15:34+02:00,2004,2004-01-01T00:00:00+01:00,2004-12-31T00:00:00+01:00,Oman
3569407,SA_0000001419,COUNTRY,VCT,YEAR,AMR,Americas,SEX,2004,SEX_FMLE,,,,,,,389,389.0,,,,2013-06-11T14:15:34+02:00,2004,2004-01-01T00:00:00+01:00,2004-12-31T00:00:00+01:00,Saint Vincent and the Grenadines
4191829,SA_0000001419,COUNTRY,IND,YEAR,SEAR,South-East Asia,SEX,2004,SEX_BTSX,,,,,,,80,80.0,,,,2013-06-11T14:15:34+02:00,2004,2004-01-01T00:00:00+01:00,2004-12-31T00:00:00+01:00,India
6237361,SA_0000001419,COUNTRY,PNG,YEAR,WPR,Western Pacific,SEX,2004,SEX_BTSX,,,,,,,65,65.0,,,,2013-06-11T14:15:34+02:00,2004,2004-01-01T00:00:00+01:00,2004-12-31T00:00:00+01:00,Papua New Guinea
3218461,SA_0000001419,COUNTRY,DZA,YEAR,AFR,Africa,SEX,2004,SEX_BTSX,,,,,,,109,109.0,,,,2013-06-11T14:15:34+02:00,2004,2004-01-01T00:00:00+01:00,2004-12-31T00:00:00+01:00,Algeria
1736636,SA_0000001419,COUNTRY,NOR,YEAR,EUR,Europe,SEX,2004,SEX_FMLE,,,,,,,301,301.0,,,,2013-06-11T14:15:34+02:00,2004,2004-01-01T00:00:00+01:00,2004-12-31T00:00:00+01:00,Norway
2973101,SA_0000001419,COUNTRY,DEU,YEAR,EUR,Europe,SEX,2004,SEX_BTSX,,,,,,,161,161.0,,,,2013-06-11T14:15:34+02:00,2004,2004-01-01T00:00:00+01:00,2004-12-31T00:00:00+01:00,Germany
9004737,SA_0000001419,COUNTRY,KWT,YEAR,EMR,Eastern Mediterranean,SEX,2004,SEX_FMLE,,,,,,,177,177.0,,,,2013-06-11T14:15:34+02:00,2004,2004-01-01T00:00:00+01:00,2004-12-31T00:00:00+01:00,Kuwait
666393,SA_0000001419,COUNTRY,AND,YEAR,EUR,Europe,SEX,2004,SEX_FMLE,,,,,,,267,267.0,,,,2013-06-11T14:15:34+02:00,2004,2004-01-01T00:00:00+01:00,2004-12-31T00:00:00+01:00,Andorra
3940299,SA_0000001419,COUNTRY,KNA,YEAR,AMR,Americas,SEX,2004,SEX_BTSX,,,,,,,179,179.0,,,,2013-06-11T14:15:34+02:00,2004,2004-01-01T00:00:00+01:00,2004-12-31T00:00:00+01:00,Saint Kitts and Nevis
6151303,SA_0000001419,COUNTRY,CPV,YEAR,AFR,Africa,SEX,2004,SEX_BTSX,,,,,,,140,140.0,,,,2013-06-11T14:15:34+02:00,2004,2004-01-01T00:00:00+01:00,2004-12-31T00:00:00+01:00,Cabo Verde
2166874,SA_0000001419,COUNTRY,LBN,YEAR,EMR,Eastern Mediterranean,SEX,2004,SEX_FMLE,,,,,,,257,257.0,,,,2013-06-11T14:15:34+02:00,2004,2004-01-01T00:00:00+01:00,2004-12-31T00:00:00+01:00,Lebanon
3867269,SA_0000001419,COUNTRY,BRB,YEAR,AMR,Americas,SEX,2004,SEX_BTSX,,,,,,,261,261.0,,,,2013-06-11T14:15:34+02:00,2004,2004-01-01T00:00:00+01:00,2004-12-31T00:00:00+01:00,Barbados
8138085,SA_0000001419,COUNTRY,COD,YEAR,AFR,Africa,SEX,2004,SEX_FMLE,,,,,,,119,119.0,,,,2013-06-11T14:15:34+02:00,2004,2004-01-01T00:00:00+01:00,2004-12-31T00:00:00+01:00,"Congo, The Democratic Republic of the"
4801319,SA_0000001419,COUNTRY,COG,YEAR,AFR,Africa,SEX,2004,SEX_BTSX,,,,,,,119,119.0,,,,2013-06-11T14:15:34+02:00,2004,2004-01-01T00:00:00+01:00,2004-12-31T00:00:00+01:00,Congo
2180168,SA_0000001419,COUNTRY,MLT,YEAR,EUR,Europe,SEX,2004,SEX_FMLE,,,,,,,309,309.0,,,,2013-06-11T14:15:34+02:00,2004,2004-01-01T00:00:00+01:00,2004-12-31T00:00:00+01:00,Malta
705827,SA_0000001419,COUNTRY,GBR,YEAR,EUR,Europe,SEX,2004,SEX_FMLE,,,,,,,351,351.0,,,,2013-06-11T14:15:34+02:00,2004,2004-01-01T00:00:00+01:00,2004-12-31T00:00:00+01:00,United Kingdom
1380235,SA_0000001419,COUNTRY,MDG,YEAR,AFR,Africa,SEX,2004,SEX_FMLE,,,,,,,166,166.0,,,,2013-06-11T14:15:34+02:00,2004,2004-01-01T00:00:00+01:00,2004-12-31T00:00:00+01:00,Madagascar
2047580,SA_0000001419,COUNTRY,GBR,YEAR,EUR,Europe,SEX,2004,SEX_MLE,,,,,,,1,,,,,2013-06-11T14:15:34+02:00,2004,2004-01-01T00:00:00+01:00,2004-12-31T00:00:00+01:00,United Kingdom
4205296,SA_0000001419,COUNTRY,HTI,YEAR,AMR,Americas,SEX,2004,SEX_MLE,,,,,,,2,,,,,2013-06-11T14:15:34+02:00,2004,2004-01-01T00:00:00+01:00,2004-12-31T00:00:00+01:00,Haiti
4384559,SA_0000001419,COUNTRY,BHR,YEAR,EMR,Eastern Mediterranean,SEX,2004,SEX_FMLE,,,,,,,292,292.0,,,,2013-06-11T14:15:34+02:00,2004,2004-01-01T00:00:00+01:00,2004-12-31T00:00:00+01:00,Bahrain
9271734,SA_0000001419,COUNTRY,ERI,YEAR,AFR,Africa,SEX,2004,SEX_BTSX,,,,,,,73,73.0,,,,2013-06-11T14:15:34+02:00,2004,2004-01-01T00:00:00+01:00,2004-12-31T00:00:00+01:00,Eritrea
5581474,SA_0000001419,COUNTRY,MRT,YEAR,AFR,Africa,SEX,2004,SEX_BTSX,,,,,,,167,167.0,,,,2013-06-11T14:15:34+02:00,2004,2004-01-01T00:00:00+01:00,2004-12-31T00:00:00+01:00,Mauritania
9208264,SA_0000001419,COUNTRY,TJK,YEAR,EUR,Europe,SEX,2004,SEX_FMLE,,,,,,,142,142.0,,,,2013-06-11T14:15:34+02:00,2004,2004-01-01T00:00:00+01:00,2004-12-31T00:00:00+01:00,Tajikistan
1810010,SA_0000001419,COUNTRY,VEN,YEAR,AMR,Americas,SEX,2004,SEX_FMLE,,,,,,,226,226.0,,,,2013-06-11T14:15:34+02:00,2004,2004-01-01T00:00:00+01:00,2004-12-31T00:00:00+01:00,"Venezuela, Bolivarian Republic of"
5257544,SA_0000001419,COUNTRY,TZA,YEAR,AFR,Africa,SEX,2004,SEX_FMLE,,,,,,,210,210.0,,,,2013-06-11T14:15:34+02:00,2004,2004-01-01T00:00:00+01:00,2004-12-31T00:00:00+01:00,"Tanzania, United Republic of"
1565527,SA_0000001419,COUNTRY,JOR,YEAR,EMR,Eastern Mediterranean,SEX,2004,SEX_BTSX,,,,,,,191,191.0,,,,2013-06-11T14:15:34+02:00,2004,2004-01-01T00:00:00+01:00,2004-12-31T00:00:00+01:00,Jordan
97601,SA_0000001419,COUNTRY,AND,YEAR,EUR,Europe,SEX,2004,SEX_MLE,,,,,,,2,,,,,2013-06-11T14:15:34+02:00,2004,2004-01-01T00:00:00+01:00,2004-12-31T00:00:00+01:00,Andorra
2933871,SA_0000001419,COUNTRY,JAM,YEAR,AMR,Americas,SEX,2004,SEX_MLE,,,,,,,2,,,,,2013-06-11T14:15:34+02:00,2004,2004-01-01T00:00:00+01:00,2004-12-31T00:00:00+01:00,Jamaica
8448853,SA_0000001419,COUNTRY,SEN,YEAR,AFR,Africa,SEX,2004,SEX_BTSX,,,,,,,112,112.0,,,,2013-06-11T14:15:34+02:00,2004,2004-01-01T00:00:00+01:00,2004-12-31T00:00:00+01:00,Senegal
4986331,SA_0000001419,COUNTRY,HND,YEAR,AMR,Americas,SEX,2004,SEX_FMLE,,,,,,,276,276.0,,,,2013-06-11T14:15:34+02:00,2004,2004-01-01T00:00:00+01:00,2004-12-31T00:00:00+01:00,Honduras
3451256,SA_0000001419,COUNTRY,GEO,YEAR,EUR,Europe,SEX,2004,SEX_FMLE,,,,,,,246,246.0,,,,2013-06-11T14:15:34+02:00,2004,2004-01-01T00:00:00+01:00,2004-12-31T00:00:00+01:00,Georgia
2894405,SA_0000001419,COUNTRY,HND,YEAR,AMR,Americas,SEX,2004,SEX_BTSX,,,,,,,142,142.0,,,,2013-06-11T14:15:34+02:00,2004,2004-01-01T00:00:00+01:00,2004-12-31T00:00:00+01:00,Honduras
4880751,SA_0000001419,COUNTRY,GNB,YEAR,AFR,Africa,SEX,2004,SEX_BTSX,,,,,,,221,221.0,,,,2013-06-11T14:15:34+02:00,2004,2004-01-01T00:00:00+01:00,2004-12-31T00:00:00+01:00,Guinea-Bissau
8488903,SA_0000001419,COUNTRY,LTU,YEAR,EUR,Europe,SEX,2004,SEX_BTSX,,,,,,,154,154.0,,,,2013-06-11T14:15:34+02:00,2004,2004-01-01T00:00:00+01:00,2004-12-31T00:00:00+01:00,Lithuania
243687,SA_0000001419,COUNTRY,ZMB,YEAR,AFR,Africa,SEX,2004,SEX_BTSX,,,,,,,64,64.0,,,,2013-06-11T14:15:34+02:00,2004,2004-01-01T00:00:00+01:00,2004-12-31T00:00:00+01:00,Zambia
7514875,SA_0000001419,COUNTRY,MCO,YEAR,EUR,Europe,SEX,2004,SEX_BTSX,,,,,,,131,131.0,,,,2013-06-11T14:15:34+02:00,2004,2004-01-01T00:00:00+01:00,2004-12-31T00:00:00+01:00,Monaco
2775278,SA_0000001419,COUNTRY,YEM,YEAR,EMR,Eastern Mediterranean,SEX,2004,SEX_FMLE,,,,,,,362,362.0,,,,2013-06-11T14:15:34+02:00,2004,2004-01-01T00:00:00+01:00,2004-12-31T00:00:00+01:00,Yemen
190522,SA_0000001419,COUNTRY,USA,YEAR,AMR,Americas,SEX,2004,SEX_FMLE,,,,,,,329,329.0,,,,2013-06-11T14:15:34+02:00,2004,2004-01-01T00:00:00+01:00,2004-12-31T00:00:00+01:00,United States
1975271,SA_0000001419,COUNTRY,BIH,YEAR,EUR,Europe,SEX,2004,SEX_FMLE,,,,,,,235,235.0,,,,2013-06-11T14:15:34+02:00,2004,2004-01-01T00:00:00+01:00,2004-12-31T00:00:00+01:00,Bosnia and Herzegovina
1995151,SA_0000001419,COUNTRY,NER,YEAR,AFR,Africa,SEX,2004,SEX_BTSX,,,,,,,173,173.0,,,,2013-06-11T14:15:34+02:00,2004,2004-01-01T00:00:00+01:00,2004-12-31T00:00:00+01:00,Niger
7382353,SA_0000001419,COUNTRY,RUS,YEAR,EUR,Europe,SEX,2004,SEX_FMLE,,,,,,,312,312.0,,,,2013-06-11T14:15:34+02:00,2004,2004-01-01T00:00:00+01:00,2004-12-31T00:00:00+01:00,Russian Federation
9131428,SA_0000001419,COUNTRY,BOL,YEAR,AMR,Americas,SEX,2004,SEX_BTSX,,,,,,,179,179.0,,,,2013-06-11T14:15:34+02:00,2004,2004-01-01T00:00:00+01:00,2004-12-31T00:00:00+01:00,"Bolivia, Plurinational State of"
4099777,SA_0000001419,COUNTRY,BWA,YEAR,AFR,Africa,SEX,2004,SEX_BTSX,,,,,,,126,126.0,,,,2013-06-11T14:15:34+02:00,2004,2004-01-01T00:00:00+01:00,2004-12-31T00:00:00+01:00,Botswana
9197663,SA_0000001419,COUNTRY,EST,YEAR,EUR,Europe,SEX,2004,SEX_MLE,,,,,,,2,,,,,2013-06-11T14:15:34+02:00,2004,2004-01-01T00:00:00+01:00,2004-12-31T00:00:00+01:00,Estonia
2782036,SA_0000001419,COUNTRY,BRB,YEAR,AMR,Americas,SEX,2004,SEX_FMLE,,,,,,,490,490.0,,,,2013-06-11T14:15:34+02:00,2004,2004-01-01T00:00:00+01:00,2004-12-31T00:00:00+01:00,Barbados
3808251,SA_0000001419,COUNTRY,CUB,YEAR,AMR,Americas,SEX,2004,SEX_MLE,,,,,,,1,,,,,2013-06-11T14:15:34+02:00,2004,2004-01-01T00:00:00+01:00,2004-12-31T00:00:00+01:00,Cuba
2722411,SA_0000001419,COUNTRY,CAN,YEAR,AMR,Americas,SEX,2004,SEX_FMLE,,,,,,,335,335.0,,,,2013-06-11T14:15:34+02:00,2004,2004-01-01T00:00:00+01:00,2004-12-31T00:00:00+01:00,Canada
330183,SA_0000001419,COUNTRY,POL,YEAR,EUR,Europe,SEX,2004,SEX_MLE,,,,,,,2,,,,,2013-06-11T14:15:34+02:00,2004,2004-01-01T00:00:00+01:00,2004-12-31T00:00:00+01:00,Poland
2835214,SA_0000001419,COUNTRY,ARG,YEAR,AMR,Americas,SEX,2004,SEX_FMLE,,,,,,,316,316.0,,,,2013-06-11T14:15:34+02:00,2004,2004-01-01T00:00:00+01:00,2004-12-31T00:00:00+01:00,Argentina
6528708,SA_0000001419,COUNTRY,ZMB,YEAR,AFR,Africa,SEX,2004,SEX_FMLE,,,,,,,117,117.0,,,,2013-06-11T14:15:34+02:00,2004,2004-01-01T00:00:00+01:00,2004-12-31T00:00:00+01:00,Zambia
6932450,SA_0000001419,COUNTRY,MCO,YEAR,EUR,Europe,SEX,2004,SEX_FMLE,,,,,,,252,252.0,,,,2013-06-11T14:15:34+02:00,2004,2004-01-01T00:00:00+01:00,2004-12-31T00:00:00+01:00,Monaco
4365319,SA_0000001419,COUNTRY,TTO,YEAR,AMR,Americas,SEX,2004,SEX_MLE,,,,,,,4,,,,,2013-06-11T14:15:34+02:00,2004,2004-01-01T00:00:00+01:00,2004-12-31T00:00:00+01:00,Trinidad and Tobago
6594880,SA_0000001419,COUNTRY,LSO,YEAR,AFR,Africa,SEX,2004,SEX_BTSX,,,,,,,45,45.0,,,,2013-06-11T14:15:34+02:00,2004,2004-01-01T00:00:00+01:00,2004-12-31T00:00:00+01:00,Lesotho
1717519,SA_0000001419,COUNTRY,PAN,YEAR,AMR,Americas,SEX,2004,SEX_BTSX,,,,,,,104,104.0,,,,2013-06-11T14:15:34+02:00,2004,2004-01-01T00:00:00+01:00,2004-12-31T00:00:00+01:00,Panama
157648,SA_0000001419,COUNTRY,CUB,YEAR,AMR,Americas,SEX,2004,SEX_FMLE,,,,,,,211,211.0,,,,2013-06-11T14:15:34+02:00,2004,2004-01-01T00:00:00+01:00,2004-12-31T00:00:00+01:00,Cuba
7084523,SA_0000001419,COUNTRY,SVK,YEAR,EUR,Europe,SEX,2004,SEX_FMLE,,,,,,,247,247.0,,,,2013-06-11T14:15:34+02:00,2004,2004-01-01T00:00:00+01:00,2004-12-31T00:00:00+01:00,Slovakia
574744,SA_0000001419,COUNTRY,PRK,YEAR,SEAR,South-East Asia,SEX,2004,SEX_BTSX,,,,,,,79,79.0,,,,2013-06-11T14:15:34+02:00,2004,2004-01-01T00:00:00+01:00,2004-12-31T00:00:00+01:00,"Korea, Democratic People's Republic of"
1116350,SA_0000001419,COUNTRY,CAN,YEAR,AMR,Americas,SEX,2004,SEX_BTSX,,,,,,,172,172.0,,,,2013-06-11T14:15:34+02:00,2004,2004-01-01T00:00:00+01:00,2004-12-31T00:00:00+01:00,Canada
4020448,SA_0000001419,COUNTRY,ISR,YEAR,EUR,Europe,SEX,2004,SEX_FMLE,,,,,,,334,334.0,,,,2013-06-11T14:15:34+02:00,2004,2004-01-01T00:00:00+01:00,2004-12-31T00:00:00+01:00,Israel
858339,SA_0000001419,COUNTRY,BRA,YEAR,AMR,Americas,SEX,2004,SEX_FMLE,,,,,,,336,336.0,,,,2013-06-11T14:15:34+02:00,2004,2004-01-01T00:00:00+01:00,2004-12-31T00:00:00+01:00,Brazil
7654658,SA_0000001419,COUNTRY,ITA,YEAR,EUR,Europe,SEX,2004,SEX_MLE,,,,,,,7,,,,,2013-06-11T14:15:34+02:00,2004,2004-01-01T00:00:00+01:00,2004-12-31T00:00:00+01:00,Italy
7953574,SA_0000001419,COUNTRY,IRQ,YEAR,EMR,Eastern Mediterranean,SEX,2004,SEX_BTSX,,,,,,,192,192.0,,,,2013-06-11T14:15:34+02:00,2004,2004-01-01T00:00:00+01:00,2004-12-31T00:00:00+01:00,Iraq
6840157,SA_0000001419,COUNTRY,CIV,YEAR,AFR,Africa,SEX,2004,SEX_BTSX,,,,,,,208,208.0,,,,2013-06-11T14:15:34+02:00,2004,2004-01-01T00:00:00+01:00,2004-12-31T00:00:00+01:00,CÃ´te d'Ivoire
997628,SA_0000001419,COUNTRY,MMR,YEAR,SEAR,South-East Asia,SEX,2004,SEX_BTSX,,,,,,,92,92.0,,,,2013-06-11T14:15:34+02:00,2004,2004-01-01T00:00:00+01:00,2004-12-31T00:00:00+01:00,Myanmar
3133315,SA_0000001419,COUNTRY,MNG,YEAR,WPR,Western Pacific,SEX,2004,SEX_BTSX,,,,,,,48,48.0,,,,2013-06-11T14:15:34+02:00,2004,2004-01-01T00:00:00+01:00,2004-12-31T00:00:00+01:00,Mongolia
2749186,SA_0000001419,COUNTRY,SUR,YEAR,AMR,Americas,SEX,2004,SEX_FMLE,,,,,,,201,201.0,,,,2013-06-11T14:15:34+02:00,2004,2004-01-01T00:00:00+01:00,2004-12-31T00:00:00+01:00,Suriname
4927876,SA_0000001419,COUNTRY,GRD,YEAR,AMR,Americas,SEX,2004,SEX_FMLE,,,,,,,409,409.0,,,,2013-06-11T14:15:34+02:00,2004,2004-01-01T00:00:00+01:00,2004-12-31T00:00:00+01:00,Grenada
3027296,SA_0000001419,COUNTRY,LVA,YEAR,EUR,Europe,SEX,2004,SEX_MLE,,,,,,,1,,,,,2013-06-11T14:15:34+02:00,2004,2004-01-01T00:00:00+01:00,2004-12-31T00:00:00+01:00,Latvia
3312647,SA_0000001419,COUNTRY,BHS,YEAR,AMR,Americas,SEX,2004,SEX_BTSX,,,,,,,219,219.0,,,,2013-06-11T14:15:34+02:00,2004,2004-01-01T00:00:00+01:00,2004-12-31T00:00:00+01:00,Bahamas
5396960,SA_0000001419,COUNTRY,SOM,YEAR,EMR,Eastern Mediterranean,SEX,2004,SEX_FMLE,,,,,,,261,261.0,,,,2013-06-11T14:15:34+02:00,2004,2004-01-01T00:00:00+01:00,2004-12-31T00:00:00+01:00,Somalia
4047261,SA_0000001419,COUNTRY,PAK,YEAR,EMR,Eastern Mediterranean,SEX,2004,SEX_FMLE,,,,,,,280,280.0,,,,2013-06-11T14:15:34+02:00,2004,2004-01-01T00:00:00+01:00,2004-12-31T00:00:00+01:00,Pakistan
5834484,SA_0000001419,COUNTRY,STP,YEAR,AFR,Africa,SEX,2004,SEX_FMLE,,,,,,,174,174.0,,,,2013-06-11T14:15:34+02:00,2004,2004-01-01T00:00:00+01:00,2004-12-31T00:00:00+01:00,Sao Tome and Principe
4365696,SA_0000001419,COUNTRY,SAU,YEAR,EMR,Eastern Mediterranean,SEX,2004,SEX_FMLE,,,,,,,244,244.0,,,,2013-06-11T14:15:34+02:00,2004,2004-01-01T00:00:00+01:00,2004-12-31T00:00:00+01:00,Saudi Arabia
4385611,SA_0000001419,COUNTRY,SOM,YEAR,EMR,Eastern Mediterranean,SEX,2004,SEX_BTSX,,,,,,,135,135.0,,,,2013-06-11T14:15:34+02:00,2004,2004-01-01T00:00:00+01:00,2004-12-31T00:00:00+01:00,Somalia
779368,SA_0000001419,COUNTRY,PER,YEAR,AMR,Americas,SEX,2004,SEX_FMLE,,,,,,,255,255.0,,,,2013-06-11T14:15:34+02:00,2004,2004-01-01T00:00:00+01:00,2004-12-31T00:00:00+01:00,Peru
5608997,SA_0000001419,COUNTRY,COG,YEAR,AFR,Africa,SEX,2004,SEX_FMLE,,,,,,,224,224.0,,,,2013-06-11T14:15:34+02:00,2004,2004-01-01T00:00:00+01:00,2004-12-31T00:00:00+01:00,Congo
7449218,SA_0000001419,COUNTRY,MUS,YEAR,AFR,Africa,SEX,2004,SEX_FMLE,,,,,,,248,248.0,,,,2013-06-11T14:15:34+02:00,2004,2004-01-01T00:00:00+01:00,2004-12-31T00:00:00+01:00,Mauritius
9213838,SA_0000001419,COUNTRY,ETH,YEAR,AFR,Africa,SEX,2004,SEX_FMLE,,,,,,,197,197.0,,,,2013-06-11T14:15:34+02:00,2004,2004-01-01T00:00:00+01:00,2004-12-31T00:00:00+01:00,Ethiopia
4749441,SA_0000001419,COUNTRY,ZWE,YEAR,AFR,Africa,SEX,2004,SEX_BTSX,,,,,,,80,80.0,,,,2013-06-11T14:15:34+02:00,2004,2004-01-01T00:00:00+01:00,2004-12-31T00:00:00+01:00,Zimbabwe
6205621,SA_0000001419,COUNTRY,SAU,YEAR,EMR,Eastern Mediterranean,SEX,2004,SEX_BTSX,,,,,,,98,98.0,,,,2013-06-11T14:15:34+02:00,2004,2004-01-01T00:00:00+01:00,2004-12-31T00:00:00+01:00,Saudi Arabia
5602467,SA_0000001419,COUNTRY,GRC,YEAR,EUR,Europe,SEX,2004,SEX_FMLE,,,,,,,272,272.0,,,,2013-06-11T14:15:34+02:00,2004,2004-01-01T00:00:00+01:00,2004-12-31T00:00:00+01:00,Greece
7005780,SA_0000001419,COUNTRY,SGP,YEAR,WPR,Western Pacific,SEX,2004,SEX_FMLE,,,,,,,198,198.0,,,,2013-06-11T14:15:34+02:00,2004,2004-01-01T00:00:00+01:00,2004-12-31T00:00:00+01:00,Singapore
3954883,SA_0000001419,COUNTRY,NIU,YEAR,WPR,Western Pacific,SEX,2004,SEX_BTSX,,,,,,,85,85.0,,,,2013-06-11T14:15:34+02:00,2004,2004-01-01T00:00:00+01:00,2004-12-31T00:00:00+01:00,Niue
1863990,SA_0000001419,COUNTRY,TUR,YEAR,EUR,Europe,SEX,2004,SEX_BTSX,,,,,,,98,98.0,,,,2013-06-11T14:15:34+02:00,2004,2004-01-01T00:00:00+01:00,2004-12-31T00:00:00+01:00,TÃ¼rkiye
1890527,SA_0000001419,COUNTRY,BEL,YEAR,EUR,Europe,SEX,2004,SEX_BTSX,,,,,,,200,200.0,,,,2013-06-11T14:15:34+02:00,2004,2004-01-01T00:00:00+01:00,2004-12-31T00:00:00+01:00,Belgium
8794453,SA_0000001419,COUNTRY,MLI,YEAR,AFR,Africa,SEX,2004,SEX_FMLE,,,,,,,235,235.0,,,,2013-06-11T14:15:34+02:00,2004,2004-01-01T00:00:00+01:00,2004-12-31T00:00:00+01:00,Mali
3047639,SA_0000001419,COUNTRY,IDN,YEAR,SEAR,South-East Asia,SEX,2004,SEX_FMLE,,,,,,,327,327.0,,,,2013-06-11T14:15:34+02:00,2004,2004-01-01T00:00:00+01:00,2004-12-31T00:00:00+01:00,Indonesia
7582286,SA_0000001419,COUNTRY,PAK,YEAR,EMR,Eastern Mediterranean,SEX,2004,SEX_BTSX,,,,,,,138,138.0,,,,2013-06-11T14:15:34+02:00,2004,2004-01-01T00:00:00+01:00,2004-12-31T00:00:00+01:00,Pakistan
9307832,SA_0000001419,COUNTRY,QAT,YEAR,EMR,Eastern Mediterranean,SEX,2004,SEX_BTSX,,,,,,,26,26.0,,,,2013-06-11T14:15:34+02:00,2004,2004-01-01T00:00:00+01:00,2004-12-31T00:00:00+01:00,Qatar
357401,SA_0000001419,COUNTRY,ARE,YEAR,EMR,Eastern Mediterranean,SEX,2004,SEX_BTSX,,,,,,,35,35.0,,,,2013-06-11T14:15:34+02:00,2004,2004-01-01T00:00:00+01:00,2004-12-31T00:00:00+01:00,United Arab Emirates
2465907,SA_0000001419,COUNTRY,LAO,YEAR,WPR,Western Pacific,SEX,2004,SEX_FMLE,,,,,,,165,165.0,,,,2013-06-11T14:15:34+02:00,2004,2004-01-01T00:00:00+01:00,2004-12-31T00:00:00+01:00,Lao People's Democratic Republic
4485367,SA_0000001419,COUNTRY,ISL,YEAR,EUR,Europe,SEX,2004,SEX_BTSX,,,,,,,148,148.0,,,,2013-06-11T14:15:34+02:00,2004,2004-01-01T00:00:00+01:00,2004-12-31T00:00:00+01:00,Iceland
3319662,SA_0000001419,COUNTRY,SLB,YEAR,WPR,Western Pacific,SEX,2004,SEX_BTSX,,,,,,,70,70.0,,,,2013-06-11T14:15:34+02:00,2004,2004-01-01T00:00:00+01:00,2004-12-31T00:00:00+01:00,Solomon Islands
1282614,SA_0000001419,COUNTRY,EST,YEAR,EUR,Europe,SEX,2004,SEX_BTSX,,,,,,,146,146.0,,,,2013-06-11T14:15:34+02:00,2004,2004-01-01T00:00:00+01:00,2004-12-31T00:00:00+01:00,Estonia
